MiniLab	10/1/2026	1:13:37 PM	

Time (sec)	T1 (C)	T2 (C)	T3 (C)	T4 (C)	P1 (kPa)	P2 (kPa)	P3 (kPa)	P4 (kPa)	Fuel Flow  (L/hr)	RPM	Thrust (N)
99579.729	42.947	41.035	44.708	41.597	0.010	33.475	34.614	2.956	0.011	-0.271	7.369
99579.930	42.874	41.163	44.920	42.002	0.010	33.472	34.604	2.956	0.011	1.274	8.389
99580.130	42.997	41.007	44.368	42.100	0.010	33.475	34.611	2.956	0.011	1.088	7.874
99580.330	42.824	41.102	44.569	42.010	0.010	33.461	34.615	2.956	0.011	-0.691	7.660
99580.531	42.955	40.968	44.280	41.878	0.010	33.464	34.624	2.956	0.012	3.602	8.054
99580.730	42.975	41.059	44.380	41.649	0.010	33.460	34.618	2.958	0.012	3.222	7.956
99580.931	42.985	41.000	44.537	42.697	0.010	33.451	34.608	2.955	0.011	1.217	7.544
99581.131	43.017	41.040	44.059	41.777	0.010	33.446	34.616	2.956	0.012	3.594	8.060
99581.330	43.001	41.031	44.514	42.181	0.010	33.449	34.608	2.957	0.012	3.368	7.857
99581.530	42.963	41.154	44.636	41.980	0.010	33.457	34.619	2.956	0.011	4.686	8.987
99581.730	42.880	41.152	44.850	42.446	0.010	33.468	34.616	2.956	0.011	0.643	8.943
99581.930	43.024	41.030	43.841	42.596	0.010	33.453	34.617	2.957	0.011	3.368	8.082
99582.132	43.028	41.038	44.277	42.052	0.010	33.462	34.614	2.958	0.011	2.228	8.235
99582.333	42.957	41.195	44.748	41.701	0.010	33.469	34.622	2.954	0.011	2.397	8.883
99582.533	43.028	41.053	44.475	42.045	0.010	33.447	34.621	2.956	0.011	4.330	7.928
99582.733	42.972	40.964	44.144	42.374	0.010	33.451	34.616	2.957	0.011	0.877	7.243
99582.934	42.933	41.163	44.374	42.319	0.010	33.480	34.620	2.956	0.011	1.969	8.301
99583.134	42.936	41.241	44.813	42.286	0.010	33.469	34.614	2.957	0.011	1.662	8.904
99583.335	43.068	41.078	44.336	41.946	0.010	33.449	34.616	2.957	0.011	4.257	8.521
99583.535	43.035	41.044	44.511	42.260	0.010	33.448	34.613	2.957	0.011	1.823	7.512
99583.735	42.928	41.083	44.683	42.425	0.010	33.467	34.620	2.957	0.011	-0.546	7.917
99583.935	42.939	41.130	44.593	41.610	0.010	33.466	34.612	2.957	0.011	1.645	8.274
99584.135	42.908	41.157	44.229	42.228	0.010	33.451	34.609	2.956	0.011	1.823	8.104
99584.335	42.910	41.118	44.591	42.598	0.010	33.447	34.622	2.957	0.011	1.694	8.049
99584.535	43.060	41.050	44.418	41.581	0.010	33.455	34.602	2.958	0.011	4.637	8.022
99584.735	42.902	41.107	45.016	42.281	0.010	33.456	34.615	2.957	0.011	2.195	8.005
99584.934	42.984	41.121	44.676	41.969	0.010	33.458	34.611	2.957	0.011	5.187	9.042
99585.134	43.046	41.136	44.578	41.849	0.010	33.442	34.605	2.957	0.011	4.378	8.734
99585.335	43.042	40.941	44.346	42.393	0.010	33.452	34.605	2.956	0.011	2.729	7.495
99585.535	42.951	41.123	44.466	41.883	0.010	33.459	34.611	2.956	0.011	3.295	8.965
99585.735	43.030	40.979	44.528	42.049	0.010	33.457	34.611	2.958	0.011	0.991	7.446
99585.935	43.082	41.041	44.649	41.835	0.010	33.461	34.597	2.957	0.011	3.457	7.747
99586.135	42.940	41.064	44.987	42.799	0.010	33.458	34.608	2.958	0.011	-0.732	7.161
99586.335	42.977	41.100	44.415	42.352	0.010	33.469	34.620	2.956	0.011	2.794	8.411
99586.534	42.992	41.031	44.384	42.651	0.010	33.466	34.621	2.956	0.011	0.651	7.539
99586.734	42.978	41.140	44.553	42.365	0.010	33.475	34.624	2.956	0.011	3.109	8.630
99586.935	43.009	41.034	44.709	42.352	0.010	33.460	34.614	2.956	0.011	0.336	7.462
99587.135	43.050	41.156	44.616	41.949	0.010	33.446	34.613	2.956	0.011	3.918	8.411
99587.335	42.990	41.074	44.487	42.100	0.010	33.456	34.617	2.957	0.011	0.449	7.989
99587.535	42.989	41.044	44.996	42.296	0.010	33.463	34.624	2.957	0.011	-1.290	7.281
99587.735	43.066	41.193	44.158	41.656	0.010	33.450	34.604	2.955	0.011	5.041	8.981
99587.935	43.116	41.028	44.476	42.476	0.010	33.454	34.613	2.957	0.011	3.699	7.594
99588.135	42.984	41.109	44.531	42.559	0.010	33.460	34.610	2.956	0.011	-0.481	7.961
99588.334	43.153	41.051	44.124	42.203	0.010	33.451	34.603	2.956	0.012	3.772	7.939
99588.535	43.019	41.173	45.037	42.402	0.010	33.466	34.598	2.956	0.011	1.080	8.499
99588.734	43.022	41.129	44.505	42.023	0.010	33.473	34.611	2.958	0.011	0.133	8.109
99588.935	43.150	41.178	43.984	42.825	0.010	33.459	34.610	2.956	0.012	3.837	8.334
99589.135	43.137	41.056	44.506	42.077	0.010	33.463	34.622	2.957	0.012	1.718	7.331
99589.336	43.143	41.187	44.922	42.509	0.010	33.458	34.607	2.955	0.011	4.241	8.636
99589.536	43.066	41.131	44.583	42.238	0.010	33.453	34.614	2.958	0.011	1.290	7.588
99589.737	43.084	41.188	44.402	41.955	0.010	33.466	34.595	2.956	0.011	2.786	8.515
99589.936	43.216	41.137	44.158	41.771	0.010	33.456	34.599	2.956	0.011	5.349	8.246
99590.136	43.132	41.192	44.836	41.810	0.010	33.456	34.612	2.957	0.011	5.276	8.932
99590.337	43.143	41.058	44.624	41.997	0.010	33.462	34.617	2.957	0.011	1.751	7.194
99590.538	43.195	41.037	44.434	41.888	0.010	33.464	34.624	2.958	0.012	3.909	7.714
99590.737	43.089	41.184	44.976	42.199	0.010	33.457	34.607	2.957	0.011	4.484	8.559
99590.938	43.043	41.128	44.643	42.412	0.010	33.463	34.619	2.956	0.011	1.565	7.972
99591.139	43.042	41.126	44.928	42.259	0.010	33.476	34.613	2.956	0.011	1.265	8.016
99591.339	43.100	40.991	44.107	42.829	0.010	33.454	34.611	2.958	0.011	2.034	7.018
99591.539	43.062	41.043	43.977	42.764	0.010	33.466	34.614	2.956	0.011	0.392	7.561
99591.738	43.163	41.095	44.519	41.880	0.010	33.460	34.614	2.955	0.012	6.327	8.608
99591.939	43.085	40.996	44.546	42.500	0.010	33.460	34.620	2.957	0.011	1.880	7.468
99592.140	43.070	41.080	44.972	42.276	0.010	33.468	34.614	2.956	0.011	1.920	7.517
99592.340	43.042	41.134	44.772	42.221	0.010	33.460	34.609	2.956	0.011	3.327	8.252
99592.541	43.134	41.163	44.646	41.871	0.010	33.470	34.615	2.955	0.012	6.109	8.888
99592.742	43.069	41.066	44.914	42.012	0.010	33.474	34.616	2.955	0.011	1.969	7.813
99592.942	43.209	41.023	44.358	41.746	0.010	33.454	34.608	2.955	0.011	4.184	7.961
99593.143	43.166	41.154	44.904	42.345	0.010	33.463	34.610	2.957	0.011	7.402	8.713
99593.343	43.228	40.988	44.463	42.000	0.010	33.458	34.617	2.956	0.012	4.087	8.153
99593.542	43.220	41.080	44.418	41.582	0.010	33.457	34.607	2.956	0.012	6.691	8.608
99593.743	43.241	41.052	44.030	42.278	0.010	33.459	34.613	2.957	0.012	5.543	8.296
99593.943	43.105	41.134	44.933	42.022	0.010	33.469	34.622	2.956	0.011	0.942	8.416
99594.143	43.100	41.150	44.416	42.034	0.010	33.464	34.617	2.956	0.011	3.820	8.723
99594.343	43.165	41.167	44.689	42.412	0.010	33.468	34.617	2.956	0.011	3.893	8.713
99594.544	43.267	41.056	44.923	41.717	0.010	33.462	34.616	2.956	0.011	5.292	8.022
99594.744	43.123	41.074	44.320	42.032	0.010	33.451	34.612	2.958	0.011	-0.813	7.978
99594.944	43.204	41.149	43.698	42.143	0.010	33.468	34.607	2.955	0.011	5.292	8.861
99595.143	43.137	41.116	44.915	41.942	0.010	33.460	34.614	2.957	0.011	0.716	7.594
99595.344	43.247	41.208	45.239	41.888	0.010	33.459	34.616	2.955	0.011	4.548	8.504
99595.544	43.245	41.023	44.757	41.741	0.010	33.462	34.618	2.956	0.011	2.284	7.901
99595.744	43.193	41.185	44.719	42.403	0.010	33.461	34.619	2.955	0.011	5.179	8.740
99595.944	43.205	41.042	44.395	42.840	0.010	33.449	34.611	2.956	0.011	0.805	7.374
99596.144	43.146	41.187	44.492	42.156	0.010	33.472	34.631	2.955	0.011	2.106	8.499
99596.345	43.231	41.020	44.238	41.451	0.010	33.460	34.628	2.955	0.011	0.797	7.325
99596.545	43.169	41.056	45.142	42.481	0.010	33.460	34.626	2.957	0.011	0.530	7.172
99596.745	43.202	41.012	44.719	42.125	0.010	33.447	34.605	2.957	0.011	2.147	7.259
99596.946	43.250	40.995	44.183	41.967	0.010	33.453	34.613	2.956	0.011	2.268	7.320
99597.146	43.145	41.073	44.941	42.441	0.010	33.456	34.634	2.956	0.011	0.433	7.566
99597.347	43.213	41.131	44.823	42.011	0.010	33.447	34.606	2.955	0.011	3.877	8.756
99597.547	43.236	41.109	44.301	42.143	0.010	33.450	34.614	2.955	0.011	6.068	8.745
99597.747	43.205	41.149	44.396	42.159	0.010	33.466	34.618	2.955	0.011	4.467	8.603
99597.947	43.110	41.124	44.738	42.530	0.010	33.458	34.626	2.956	0.011	0.627	7.835
99598.148	43.104	41.123	44.514	41.955	0.010	33.459	34.617	2.956	0.011	1.969	8.011
99598.348	43.149	40.952	44.467	42.440	0.010	33.454	34.620	2.955	0.011	1.112	7.309
99598.548	43.150	40.942	44.497	42.010	0.010	33.463	34.616	2.956	0.011	1.379	7.133
99598.748	43.243	40.970	44.161	42.093	0.010	33.461	34.608	2.956	0.011	3.263	7.665
99598.948	43.149	40.997	45.563	42.253	0.010	33.465	34.608	2.955	0.011	0.182	7.292
99599.148	43.269	41.065	45.249	41.341	0.010	33.472	34.606	2.957	0.011	5.405	7.857
99599.348	43.252	40.994	43.889	41.674	0.010	33.456	34.609	2.956	0.011	1.007	7.566
99599.548	43.200	40.984	44.556	42.417	0.010	33.463	34.608	2.956	0.011	0.716	7.429
99599.748	43.237	41.115	44.901	41.586	0.010	33.473	34.616	2.955	0.011	5.801	8.257
99599.948	43.257	41.082	44.418	41.858	0.010	33.457	34.612	2.956	0.011	4.492	7.989
99600.148	43.140	41.129	45.196	42.015	0.010	33.465	34.616	2.955	0.011	1.071	7.446
99600.348	43.237	40.973	44.520	42.080	0.010	33.468	34.616	2.953	0.011	0.538	7.078
99600.548	43.161	40.980	44.718	42.136	0.010	33.469	34.602	2.956	0.011	0.457	7.199
99600.748	43.278	41.035	44.299	42.070	0.010	33.458	34.609	2.956	0.011	3.352	7.523
99600.949	43.238	40.984	44.570	42.459	0.010	33.452	34.609	2.955	0.011	1.298	7.490
99601.149	43.106	40.980	44.670	42.437	0.010	33.456	34.617	2.956	0.011	0.497	7.243
99601.349	43.209	40.965	44.414	42.004	0.010	33.461	34.615	2.955	0.011	1.928	7.221
99601.549	43.124	41.112	44.478	42.515	0.010	33.479	34.625	2.955	0.011	0.974	8.104
99601.748	43.142	41.021	44.316	41.682	0.010	33.470	34.614	2.954	0.011	-1.750	7.067
99601.949	43.124	41.145	44.415	41.787	0.010	33.471	34.619	2.954	0.011	2.511	8.449
99602.149	43.250	40.960	44.978	42.618	0.010	33.461	34.618	2.957	0.011	3.780	7.490
99602.349	43.143	41.090	44.253	42.100	0.010	33.465	34.612	2.956	0.011	1.193	7.945
99602.549	43.233	41.083	44.534	42.069	0.010	33.466	34.606	2.956	0.011	4.403	8.268
99602.750	43.253	41.000	44.621	41.861	0.010	33.463	34.607	2.955	0.011	5.332	8.367
99602.949	43.214	41.019	44.715	41.953	0.010	33.459	34.616	2.955	0.011	0.991	7.347
99603.149	43.264	40.965	44.362	42.164	0.010	33.466	34.628	2.956	0.011	1.500	7.484
99603.350	43.321	41.089	44.584	42.195	0.010	33.473	34.638	2.956	0.012	5.640	8.279
99603.550	43.196	41.183	44.760	42.086	0.010	33.462	34.636	2.955	0.011	2.600	8.285
99603.750	43.222	41.216	44.269	42.090	0.010	33.459	34.615	2.956	0.011	3.853	8.537
99603.950	43.190	41.056	44.641	42.182	0.010	33.475	34.625	2.957	0.011	1.249	7.555
99604.150	43.282	41.165	44.477	41.951	0.010	33.471	34.619	2.958	0.011	6.157	8.504
99604.351	43.226	41.026	44.841	41.933	0.010	33.468	34.630	2.956	0.011	0.497	7.380
99604.551	43.199	41.161	44.850	42.121	0.010	33.463	34.621	2.958	0.011	2.963	8.800
99604.751	43.221	41.180	45.012	42.269	0.010	33.468	34.626	2.957	0.011	4.265	8.817
99604.950	43.225	41.138	44.964	42.143	0.010	33.475	34.626	2.956	0.011	2.705	8.734
99605.151	43.188	41.171	44.755	42.182	0.010	33.465	34.620	2.957	0.011	3.893	8.433
99605.351	43.180	41.171	44.272	42.416	0.010	33.466	34.622	2.958	0.011	2.503	8.181
99605.550	43.272	41.179	44.334	42.013	0.010	33.473	34.619	2.956	0.011	5.138	8.745
99605.750	43.218	41.035	44.336	42.103	0.010	33.467	34.626	2.956	0.011	0.675	7.594
99605.951	43.277	40.999	44.001	41.953	0.010	33.460	34.617	2.957	0.011	2.551	7.435
99606.151	43.249	40.990	44.576	41.920	0.010	33.466	34.624	2.957	0.011	1.597	7.720
99606.350	43.193	41.144	45.017	42.033	0.010	33.483	34.631	2.958	0.011	2.211	8.329
99606.550	43.301	41.125	44.829	42.789	0.010	33.467	34.621	2.957	0.011	4.815	8.872
99606.752	43.206	41.197	44.827	42.445	0.010	33.472	34.616	2.957	0.011	3.149	8.603
99606.952	43.190	41.086	45.071	42.388	0.010	33.470	34.611	2.956	0.011	1.015	7.742
99607.152	43.210	41.166	44.790	41.705	0.010	33.460	34.621	2.957	0.011	1.654	8.488
99607.352	43.249	41.193	45.162	42.501	0.010	33.471	34.623	2.956	0.011	5.025	8.883
99607.553	43.278	41.044	44.270	42.135	0.010	33.466	34.614	2.956	0.011	1.961	7.490
99607.754	43.332	41.130	44.652	42.044	0.010	33.464	34.614	2.955	0.011	5.939	8.416
99607.954	43.255	41.050	44.666	41.860	0.010	33.465	34.625	2.956	0.011	1.694	7.024
99608.154	43.219	41.197	44.958	41.923	0.010	33.475	34.619	2.957	0.011	4.912	8.899
99608.353	43.332	41.131	44.579	42.130	0.010	33.459	34.615	2.957	0.011	6.667	8.806
99608.554	43.287	40.977	44.408	42.199	0.010	33.458	34.623	2.957	0.011	2.187	7.111
99608.754	43.357	41.073	44.496	41.681	0.010	33.471	34.614	2.955	0.011	5.753	8.285
99608.954	43.279	41.008	44.359	42.197	0.010	33.456	34.609	2.956	0.011	0.982	7.555
99609.153	43.222	41.047	44.780	42.535	0.010	33.456	34.622	2.955	0.011	0.239	7.396
99609.354	43.350	41.103	44.676	41.576	0.010	33.469	34.613	2.955	0.011	4.112	8.455
99609.554	43.357	41.049	44.806	42.220	0.010	33.463	34.614	2.955	0.011	2.414	7.654
99609.754	43.345	41.095	44.666	42.217	0.010	33.457	34.609	2.954	0.011	5.009	8.087
99609.954	43.222	41.141	44.669	41.889	0.010	33.471	34.617	2.953	0.011	1.395	8.449
99610.154	43.270	41.014	44.399	42.078	0.010	33.459	34.617	2.955	0.011	0.894	7.374
99610.354	43.313	41.160	44.691	41.686	0.010	33.456	34.617	2.955	0.011	6.303	8.559
99610.554	43.321	41.016	44.507	42.129	0.010	33.456	34.605	2.955	0.011	2.017	7.643
99610.754	43.230	41.046	44.666	42.186	0.010	33.464	34.610	2.956	0.011	0.780	7.446
99610.954	43.246	41.022	44.913	42.422	0.010	33.452	34.628	2.955	0.011	1.371	7.446
99611.153	43.332	40.995	44.612	42.077	0.010	33.454	34.612	2.955	0.011	2.608	7.484
99611.354	43.261	41.168	45.241	41.886	0.010	33.469	34.606	2.954	0.011	5.818	8.861
99611.554	43.249	41.211	44.738	41.959	0.010	33.467	34.619	2.954	0.011	4.985	8.285
99611.753	43.238	41.161	44.721	42.110	0.010	33.473	34.614	2.957	0.011	1.654	8.104
99611.954	43.339	41.113	44.655	41.875	0.010	33.461	34.615	2.954	0.011	4.969	8.893
99612.155	43.326	41.021	44.324	42.066	0.010	33.464	34.624	2.955	0.012	3.287	7.731
99612.355	43.354	41.031	44.780	42.271	0.010	33.452	34.614	2.955	0.011	4.855	7.906
99612.555	43.306	40.988	44.897	42.867	0.010	33.464	34.619	2.954	0.011	0.627	7.347
99612.756	43.279	41.188	45.340	41.853	0.010	33.467	34.611	2.954	0.011	4.039	8.559
99612.957	43.264	41.026	44.819	42.097	0.010	33.471	34.625	2.955	0.011	0.732	7.468
99613.157	43.246	41.075	44.514	42.203	0.010	33.482	34.619	2.954	0.011	0.675	7.917
99613.358	43.339	41.049	44.301	42.536	0.010	33.464	34.608	2.954	0.012	6.505	8.301
99613.557	43.198	41.198	44.601	41.562	0.010	33.473	34.617	2.955	0.011	3.101	8.559
99613.758	43.291	41.125	44.191	41.607	0.010	33.481	34.612	2.955	0.011	4.289	8.532
99613.957	43.330	41.072	44.792	42.192	0.010	33.466	34.613	2.954	0.011	5.049	8.197
99614.158	43.202	41.153	44.167	42.218	0.010	33.462	34.634	2.955	0.011	1.379	8.362
99614.357	43.324	41.033	44.216	42.056	0.010	33.464	34.615	2.955	0.011	2.794	7.665
99614.557	43.348	41.058	44.269	42.306	0.010	33.460	34.612	2.955	0.012	3.594	7.490
99614.758	43.249	41.169	44.627	42.891	0.010	33.462	34.612	2.954	0.011	4.589	8.405
99614.958	43.363	41.143	44.365	41.850	0.010	33.451	34.605	2.954	0.012	4.969	8.416
99615.158	43.358	41.045	44.920	42.100	0.010	33.452	34.607	2.955	0.011	4.451	7.736
99615.358	43.220	41.172	44.914	42.144	0.010	33.460	34.611	2.956	0.011	2.874	8.301
99615.559	43.238	41.234	44.954	42.346	0.010	33.467	34.611	2.955	0.011	2.260	8.592
99615.891	43.266	41.177	44.828	42.464	0.010	33.467	34.625	2.954	0.011	1.015	7.846
99616.091	43.264	41.161	44.472	42.503	0.010	33.468	34.616	2.955	0.011	0.643	7.671
99616.292	43.249	41.214	45.045	42.034	0.010	33.470	34.620	2.955	0.011	3.562	8.833
99616.494	43.403	41.071	44.466	41.883	0.010	33.465	34.627	2.956	0.012	5.753	7.923
99616.693	43.340	41.183	45.180	41.917	0.010	33.463	34.623	2.955	0.011	6.012	8.263
99616.894	43.311	41.229	44.579	42.135	0.010	33.477	34.611	2.955	0.011	5.470	8.680
99617.094	43.215	41.180	44.689	42.144	0.010	33.455	34.624	2.956	0.011	2.503	8.170
99617.294	43.379	41.090	44.494	42.689	0.010	33.465	34.613	2.955	0.012	4.645	8.071
99617.494	43.366	41.067	44.922	41.606	0.010	33.450	34.619	2.956	0.011	5.842	8.411
99617.694	43.330	41.041	44.398	41.762	0.010	33.466	34.620	2.957	0.011	3.214	7.588
99617.894	43.391	41.191	45.119	41.837	0.010	33.461	34.619	2.954	0.012	5.664	8.817
99618.094	43.319	41.197	45.034	42.084	0.010	33.472	34.617	2.954	0.011	5.413	8.861
99618.294	43.384	41.109	44.417	42.486	0.010	33.458	34.627	2.956	0.011	5.858	8.290
99618.495	43.316	41.071	44.523	41.751	0.010	33.471	34.626	2.956	0.011	1.071	7.588
99618.694	43.321	41.086	45.005	42.320	0.010	33.465	34.609	2.955	0.011	-0.586	7.380
99618.896	43.269	41.191	44.608	42.112	0.010	33.464	34.613	2.955	0.011	1.144	8.164
99619.096	43.270	41.283	45.132	42.528	0.010	33.478	34.623	2.954	0.011	3.586	8.427
99619.296	43.293	41.143	44.253	42.487	0.010	33.478	34.620	2.955	0.011	1.362	7.610
99619.497	43.288	41.114	44.463	42.468	0.010	33.478	34.621	2.954	0.011	1.071	7.281
99619.696	43.385	41.068	44.311	42.340	0.010	33.462	34.620	2.954	0.011	2.211	7.698
99619.897	43.273	41.212	44.827	42.224	0.010	33.478	34.623	2.954	0.011	0.991	8.235
99620.097	43.262	41.183	44.436	42.768	0.010	33.483	34.620	2.956	0.011	0.829	7.693
99620.298	43.399	41.154	44.615	42.184	0.010	33.475	34.613	2.954	0.012	5.187	8.208
99620.498	43.307	41.113	44.349	42.447	0.010	33.463	34.612	2.955	0.011	0.659	7.534
99620.698	43.246	41.179	44.788	42.426	0.010	33.468	34.622	2.954	0.011	0.635	8.159
99620.897	43.424	41.131	44.583	41.911	0.010	33.470	34.623	2.955	0.011	2.713	7.890
99621.098	43.341	41.077	44.562	42.103	0.010	33.470	34.617	2.956	0.011	2.325	7.402
99621.298	43.264	41.230	45.094	42.594	0.010	33.478	34.621	2.956	0.011	1.856	8.553
99621.498	43.365	41.183	44.864	42.232	0.010	33.469	34.622	2.955	0.011	5.648	8.438
99621.697	43.382	41.158	44.651	42.292	0.010	33.459	34.618	2.954	0.012	5.138	8.460
99621.898	43.373	41.108	44.418	41.793	0.010	33.472	34.616	2.953	0.012	4.726	8.098
99622.099	43.370	41.113	44.560	42.198	0.010	33.463	34.625	2.955	0.012	3.214	7.852
99622.299	43.241	41.223	44.810	42.329	0.010	33.472	34.627	2.955	0.011	4.815	8.630
99622.499	43.380	41.053	43.942	41.759	0.010	33.468	34.618	2.955	0.011	3.352	7.874
99622.699	43.358	41.172	44.775	42.050	0.010	33.477	34.618	2.954	0.012	5.761	8.619
99622.899	43.339	41.051	44.622	42.257	0.010	33.466	34.625	2.955	0.012	1.354	7.237
99623.099	43.352	41.206	44.598	41.751	0.010	33.469	34.620	2.956	0.012	4.904	8.559
99623.299	43.230	41.145	44.905	42.414	0.010	33.490	34.626	2.955	0.011	0.069	7.890
99623.498	43.321	41.026	44.092	42.254	0.010	33.479	34.618	2.955	0.011	2.680	7.166
99623.699	43.233	41.078	44.893	42.151	0.010	33.475	34.627	2.954	0.011	0.101	7.150
99623.899	43.287	41.221	44.758	42.007	0.010	33.481	34.616	2.955	0.011	4.201	8.784
99624.098	43.245	41.060	44.308	42.513	0.010	33.488	34.619	2.956	0.011	-0.206	7.095
99624.299	43.265	41.139	44.777	41.961	0.010	33.482	34.620	2.955	0.011	0.239	7.479
99624.499	43.357	41.139	45.199	42.019	0.010	33.475	34.610	2.955	0.011	5.713	8.400
99624.699	43.372	41.139	44.886	42.089	0.010	33.467	34.624	2.954	0.012	5.632	8.214
99624.898	43.236	41.261	44.377	42.510	0.010	33.485	34.614	2.955	0.011	3.157	8.702
99625.098	43.253	41.225	44.387	42.526	0.010	33.477	34.633	2.954	0.011	2.082	8.416
99625.298	43.198	41.211	44.607	42.389	0.010	33.474	34.606	2.956	0.011	1.775	8.022
99625.500	43.316	41.211	44.269	42.133	0.010	33.475	34.621	2.953	0.011	4.378	8.729
99625.700	43.312	41.037	44.629	41.899	0.010	33.481	34.625	2.955	0.011	1.557	7.402
99625.900	43.283	41.097	44.884	42.480	0.010	33.488	34.625	2.956	0.011	1.985	7.396
99626.100	43.299	41.092	44.598	42.507	0.010	33.467	34.615	2.955	0.011	1.047	6.925
99626.300	43.265	41.255	44.347	41.917	0.010	33.469	34.624	2.955	0.011	4.055	8.696
99626.500	43.348	41.230	44.320	42.329	0.010	33.468	34.613	2.955	0.011	4.532	8.998
99626.699	43.324	41.049	44.412	42.209	0.010	33.465	34.622	2.956	0.011	2.017	7.353
99626.900	43.237	41.211	44.377	42.072	0.010	33.476	34.608	2.955	0.011	3.311	8.307
99627.099	43.327	41.217	44.317	42.115	0.010	33.483	34.615	2.954	0.011	4.556	8.438
99627.299	43.295	41.072	44.465	42.434	0.010	33.462	34.625	2.954	0.011	0.465	6.958
99627.500	43.364	41.109	44.668	42.620	0.010	33.465	34.617	2.956	0.011	3.578	7.698
99627.700	43.346	41.053	44.719	42.697	0.010	33.479	34.626	2.956	0.011	1.864	7.331
99627.900	43.237	41.142	44.167	42.429	0.010	33.472	34.630	2.956	0.011	0.069	7.605
99628.100	43.356	41.115	44.496	41.129	0.010	33.477	34.626	2.955	0.011	5.260	7.890
99628.301	43.283	41.046	43.982	41.901	0.010	33.471	34.629	2.957	0.011	1.516	7.062
99628.501	43.271	41.059	44.912	41.615	0.010	33.465	34.617	2.956	0.011	0.780	7.045
99628.700	43.218	41.125	44.194	42.283	0.010	33.475	34.618	2.953	0.011	-1.184	7.418
99628.901	43.345	41.091	44.478	41.883	0.010	33.471	34.627	2.953	0.012	2.713	7.446
99629.100	43.384	41.116	44.352	42.079	0.010	33.463	34.616	2.954	0.012	5.430	8.318
99629.300	43.363	41.118	44.601	41.906	0.010	33.464	34.620	2.955	0.011	5.421	7.747
99629.500	43.356	41.067	44.355	41.718	0.010	33.458	34.612	2.955	0.011	3.157	7.177
99629.700	43.359	41.109	45.141	42.083	0.010	33.466	34.614	2.956	0.012	4.338	7.989
99629.900	43.314	41.049	44.417	42.347	0.010	33.454	34.619	2.955	0.011	2.745	7.254
99630.100	43.225	41.152	44.605	42.603	0.010	33.470	34.627	2.955	0.011	0.174	7.555
99630.300	43.375	41.060	43.972	42.160	0.010	33.455	34.611	2.956	0.012	2.543	7.599
99630.500	43.304	41.043	45.107	42.074	0.010	33.455	34.621	2.955	0.011	1.468	7.391
99630.700	43.239	41.205	45.183	41.628	0.010	33.466	34.623	2.956	0.011	2.187	7.994
99630.901	43.287	41.068	44.697	42.047	0.010	33.462	34.621	2.955	0.012	0.586	7.144
99631.102	43.313	41.060	44.612	42.326	0.010	33.461	34.629	2.954	0.011	1.928	6.952
99631.302	43.287	41.043	44.312	42.195	0.010	33.451	34.623	2.956	0.011	0.360	6.958
99631.503	43.374	41.053	44.337	42.177	0.010	33.459	34.615	2.955	0.011	4.710	7.232
99631.703	43.273	41.210	44.729	42.234	0.010	33.476	34.608	2.954	0.011	3.440	8.263
99631.903	43.320	41.075	44.316	42.194	0.010	33.465	34.609	2.955	0.012	0.991	7.095
99632.104	43.222	41.223	45.148	42.129	0.010	33.472	34.620	2.955	0.011	3.796	8.373
99632.304	43.332	41.049	44.699	42.563	0.010	33.469	34.614	2.955	0.012	3.028	7.106
99632.503	43.317	41.030	43.947	41.751	0.010	33.468	34.614	2.954	0.012	2.074	7.161
99632.704	43.332	41.101	44.695	41.974	0.010	33.455	34.605	2.953	0.011	4.807	7.506
99632.904	43.357	41.109	44.213	42.609	0.010	33.452	34.610	2.955	0.011	3.918	7.824
99633.104	43.318	41.127	44.665	42.682	0.010	33.462	34.620	2.954	0.011	4.136	8.142
99633.304	43.320	41.062	44.302	42.053	0.010	33.472	34.612	2.954	0.011	4.492	7.989
99633.504	43.201	41.148	44.883	42.404	0.010	33.472	34.614	2.954	0.011	0.514	8.109
99633.703	43.324	41.137	44.251	42.138	0.010	33.467	34.607	2.952	0.011	3.432	8.071
99633.903	43.347	41.144	44.122	42.280	0.010	33.468	34.614	2.955	0.011	5.446	7.693
99634.103	43.245	41.189	44.587	42.569	0.010	33.459	34.620	2.955	0.011	1.096	7.627
99634.304	43.285	41.174	44.864	42.102	0.010	33.461	34.615	2.954	0.011	-1.225	7.572
99634.504	43.316	41.225	44.997	42.365	0.010	33.473	34.614	2.955	0.011	4.112	8.301
99634.705	43.289	41.082	44.594	42.664	0.010	33.467	34.626	2.955	0.011	0.117	7.111
99634.905	43.305	41.036	44.021	42.591	0.010	33.464	34.623	2.955	0.011	-0.732	7.111
99635.106	43.203	41.199	44.997	41.751	0.010	33.469	34.618	2.955	0.011	1.338	8.049
99635.307	43.359	41.118	44.261	42.435	0.010	33.469	34.618	2.955	0.011	2.899	8.235
99635.507	43.269	41.059	44.166	42.451	0.010	33.478	34.631	2.955	0.011	1.160	7.259
99635.708	43.224	41.142	44.211	41.989	0.010	33.472	34.623	2.954	0.011	0.675	7.627
99635.907	43.338	41.123	44.390	41.477	0.010	33.469	34.613	2.955	0.011	5.559	8.493
99636.108	43.317	41.209	44.520	42.412	0.010	33.467	34.611	2.957	0.011	5.284	8.543
99636.308	43.227	41.226	44.708	41.711	0.010	33.484	34.626	2.956	0.011	3.117	8.044
99636.508	43.268	41.083	45.069	42.110	0.010	33.475	34.621	2.956	0.011	0.222	7.215
99636.708	43.207	41.126	44.684	42.382	0.010	33.471	34.626	2.956	0.011	0.489	7.446
99636.907	43.240	41.114	44.015	42.107	0.010	33.470	34.624	2.955	0.011	-0.052	7.243
99637.108	43.358	41.229	44.677	41.989	0.010	33.467	34.630	2.954	0.011	4.775	8.252
99637.308	43.334	41.151	44.368	42.156	0.010	33.470	34.616	2.955	0.011	4.362	8.098
99637.507	43.262	41.089	44.985	42.648	0.010	33.474	34.624	2.956	0.011	-0.990	7.040
99637.708	43.234	41.055	44.242	41.941	0.010	33.476	34.626	2.955	0.011	-1.847	6.908
99637.908	43.202	41.223	45.063	41.940	0.010	33.472	34.618	2.956	0.011	0.950	8.230
99638.108	43.190	41.217	44.290	42.367	0.010	33.465	34.626	2.955	0.011	0.716	8.153
99638.308	43.321	41.115	45.208	42.229	0.010	33.462	34.619	2.956	0.011	4.047	7.671
99638.508	43.216	41.112	44.786	42.759	0.010	33.477	34.624	2.955	0.012	0.635	6.969
99638.708	43.363	41.138	44.901	41.907	0.010	33.467	34.621	2.955	0.012	3.352	7.687
99638.908	43.328	41.070	44.321	42.401	0.010	33.464	34.619	2.956	0.011	1.565	7.457
99639.108	43.199	41.185	45.085	42.564	0.010	33.463	34.627	2.954	0.011	-0.546	7.742
99639.308	43.334	41.078	44.752	42.081	0.010	33.461	34.618	2.954	0.012	2.511	7.484
99639.508	43.347	41.144	44.717	42.142	0.010	33.471	34.631	2.955	0.012	4.419	7.928
99639.707	43.201	41.199	44.873	42.192	0.010	33.468	34.620	2.955	0.011	1.573	7.594
99639.908	43.201	41.233	44.921	43.090	0.010	33.469	34.615	2.956	0.011	2.680	8.384
99640.108	43.226	41.095	44.025	42.261	0.010	33.473	34.631	2.955	0.011	0.336	7.177
99640.308	43.254	41.122	44.630	42.195	0.010	33.470	34.629	2.956	0.012	-0.400	7.402
99640.507	43.275	41.043	44.184	42.460	0.010	33.466	34.625	2.956	0.012	-0.360	7.133
99640.707	43.231	41.087	44.415	42.159	0.010	33.471	34.626	2.954	0.012	-1.136	7.166
99640.908	43.308	41.063	44.682	41.909	0.010	33.473	34.624	2.956	0.012	3.303	7.385
99641.108	43.268	41.100	44.197	41.772	0.010	33.468	34.628	2.957	0.012	1.516	7.577
99641.307	43.255	41.055	44.726	42.726	0.010	33.476	34.617	2.956	0.011	1.379	7.599
99641.508	43.171	41.226	44.496	42.616	0.010	33.469	34.622	2.957	0.012	3.578	8.641
99641.708	43.319	41.164	44.186	41.774	0.010	33.466	34.624	2.956	0.012	6.497	8.290
99641.907	43.222	41.050	44.367	42.285	0.010	33.471	34.634	2.955	0.011	1.063	7.632
99642.108	43.207	41.086	44.468	41.517	0.010	33.460	34.633	2.956	0.012	0.085	7.490
99642.308	43.204	41.244	44.530	42.112	0.010	33.469	34.635	2.956	0.011	6.149	8.745
99642.508	43.209	41.214	44.035	41.820	0.010	33.473	34.617	2.955	0.012	3.950	8.707
99642.708	43.284	41.180	44.983	42.025	0.010	33.472	34.611	2.956	0.012	4.411	8.493
99642.908	43.252	41.097	44.510	42.785	0.010	33.471	34.615	2.957	0.012	4.484	7.950
99643.109	43.071	41.149	44.326	42.382	0.010	33.471	34.627	2.954	0.011	3.093	8.537
99643.309	43.213	41.034	44.409	41.571	0.010	33.467	34.618	2.956	0.012	2.672	7.396
99643.508	43.116	41.025	44.642	42.286	0.010	33.463	34.640	2.958	0.011	-0.602	7.374
99643.709	43.100	41.166	44.714	42.033	0.010	33.474	34.619	2.956	0.011	3.966	8.663
99643.909	43.122	41.208	44.974	41.852	0.010	33.470	34.616	2.955	0.012	3.529	8.751
99644.109	43.056	41.128	44.902	41.543	0.010	33.477	34.616	2.956	0.011	-0.182	8.126
99644.309	43.118	41.163	44.779	41.659	0.010	33.472	34.623	2.957	0.012	3.635	8.581
99644.508	43.177	41.108	44.566	41.511	0.010	33.473	34.629	2.956	0.011	3.562	8.274
99644.708	43.186	40.995	44.003	41.915	0.010	33.445	34.635	2.955	0.012	1.710	7.539
99644.909	43.032	41.016	44.297	42.163	0.010	33.465	34.619	2.955	0.011	0.594	7.605
99645.109	43.075	41.024	43.951	42.339	0.010	33.479	34.625	2.957	0.012	0.586	7.544
99645.309	43.067	41.147	44.261	42.183	0.010	33.469	34.641	2.955	0.011	1.128	8.279
99645.508	43.171	41.023	44.532	42.383	0.010	33.459	34.623	2.955	0.012	3.449	7.342
99645.708	43.080	41.017	44.642	42.090	0.010	33.476	34.625	2.957	0.011	1.864	7.446
99645.908	43.111	41.162	44.559	42.611	0.010	33.475	34.645	2.957	0.011	4.467	8.356
99646.110	43.045	41.189	44.560	41.460	0.010	33.465	34.627	2.955	0.011	3.723	8.362
99646.310	43.062	41.044	44.136	42.216	0.010	33.466	34.624	2.956	0.012	0.093	7.292
99646.509	43.109	41.188	44.416	41.905	0.010	33.460	34.627	2.956	0.012	4.564	8.877
99646.710	43.080	41.039	44.429	42.412	0.010	33.471	34.629	2.957	0.011	0.934	7.232
99646.910	43.049	41.143	43.941	42.236	0.010	33.471	34.642	2.956	0.010	-0.279	8.214
99647.110	43.127	41.193	44.304	42.297	0.010	33.478	34.619	2.955	0.011	3.255	8.762
99647.310	43.185	41.047	44.499	42.224	0.010	33.462	34.627	2.956	0.012	3.303	7.769
99647.510	43.053	41.049	44.833	41.822	0.010	33.472	34.634	2.956	0.011	-0.489	7.523
99647.709	43.025	41.149	44.456	42.213	0.010	33.470	34.625	2.957	0.011	0.821	8.641
99647.910	43.138	41.018	44.280	42.087	0.010	33.473	34.627	2.957	0.011	0.958	7.462
99648.110	43.066	41.224	44.510	42.397	0.010	33.459	34.634	2.957	0.014	2.535	8.685
99648.309	43.100	41.198	44.478	41.685	0.010	33.466	34.621	2.958	0.011	4.006	8.932
99648.510	43.123	41.033	44.962	42.419	0.010	33.465	34.625	2.958	0.011	0.861	7.512
99648.710	43.140	41.118	44.401	41.611	0.010	33.461	34.631	2.958	0.011	4.378	8.411
99648.910	43.158	41.033	44.110	42.156	0.010	33.467	34.620	2.955	0.012	1.807	7.369
99649.110	43.147	41.097	44.192	41.812	0.010	33.456	34.630	2.956	0.012	3.748	8.839
99649.310	42.988	41.111	44.657	42.456	0.010	33.471	34.640	2.956	0.011	0.748	8.142
99649.510	43.005	41.155	44.525	42.359	0.010	33.477	34.626	2.956	0.010	1.346	8.351
99649.710	43.136	41.109	44.253	42.036	0.010	33.467	34.628	2.956	0.011	4.120	8.510
99649.910	43.057	41.183	44.532	42.306	0.010	33.457	34.619	2.957	0.011	1.387	8.663
99650.111	43.119	41.144	44.680	41.601	0.010	33.467	34.630	2.955	0.011	4.160	8.422
99650.310	43.012	41.185	44.597	42.418	0.010	33.473	34.639	2.956	0.013	0.716	8.044
99650.510	43.128	41.032	44.600	42.393	0.010	33.455	34.634	2.956	0.010	2.535	7.928
99650.710	43.139	41.101	44.179	42.018	0.010	33.467	34.627	2.956	0.011	4.928	8.652
99650.910	43.062	41.173	44.294	41.892	0.010	33.470	34.619	2.956	0.011	4.249	8.718
99651.110	43.035	41.023	43.853	42.462	0.010	33.475	34.622	2.955	0.009	-0.853	7.429
99651.311	43.022	41.167	43.961	41.843	0.010	33.485	34.629	2.956	0.011	3.246	8.784
99651.510	43.014	41.161	44.838	42.639	0.010	33.478	34.614	2.956	0.010	4.249	8.493
99651.710	42.969	41.130	44.850	42.129	0.010	33.474	34.623	2.955	0.012	0.198	7.704
99651.910	42.988	41.121	44.573	42.119	0.010	33.485	34.624	2.956	0.010	0.667	7.939
99652.176	42.982	41.157	44.313	42.153	0.010	33.478	34.629	2.956	0.011	0.958	8.263
99652.376	42.959	41.135	44.300	42.472	0.010	33.470	34.639	2.956	0.011	1.435	8.186
99652.577	42.983	41.158	44.981	41.999	0.010	33.480	34.625	2.955	0.011	2.478	8.192
99652.776	43.012	41.169	45.050	41.920	0.010	33.500	34.635	2.958	0.011	4.071	8.570
99652.976	43.128	41.021	44.555	42.126	0.010	33.468	34.630	2.956	0.013	2.858	7.632
99653.177	43.021	41.093	44.451	42.236	0.010	33.457	34.630	2.957	0.011	1.912	7.534
99653.377	43.040	41.026	44.014	42.492	0.010	33.476	34.629	2.957	0.011	1.856	7.270
99653.577	43.139	41.039	44.391	42.305	0.010	33.469	34.622	2.958	0.011	3.756	8.087
99653.777	42.991	41.141	44.431	41.819	0.010	33.473	34.627	2.957	0.011	0.489	8.142
99653.977	43.130	41.042	43.890	41.574	0.010	33.475	34.633	2.955	0.012	5.979	8.416
99654.176	43.005	41.183	44.513	41.972	0.010	33.482	34.632	2.956	0.011	0.554	8.411
99654.377	43.092	41.159	44.332	42.279	0.010	33.482	34.627	2.956	0.011	3.756	8.877
99654.578	43.012	41.174	44.618	41.875	0.010	33.463	34.639	2.956	0.012	2.236	8.274
99654.777	43.035	41.077	44.508	41.933	0.010	33.477	34.634	2.955	0.011	-0.214	7.895
99654.978	43.072	41.030	44.154	42.579	0.010	33.482	34.630	2.956	0.011	-0.182	7.780
99655.177	43.070	41.199	44.504	42.209	0.010	33.478	34.622	2.956	0.011	2.268	8.488
99655.377	43.144	41.118	44.559	42.065	0.010	33.466	34.617	2.956	0.012	4.144	8.586
99655.578	43.161	41.039	43.951	41.881	0.010	33.474	34.616	2.956	0.011	2.761	7.819
99655.779	43.048	41.050	44.326	42.462	0.010	33.479	34.624	2.956	0.011	-1.775	8.076
99655.978	43.142	41.050	44.113	42.265	0.010	33.469	34.625	2.956	0.012	4.500	7.961
99656.179	43.164	40.997	44.457	42.046	0.010	33.483	34.617	2.957	0.012	1.201	7.846
99656.379	43.148	41.076	43.704	41.807	0.010	33.478	34.622	2.955	0.011	2.616	7.769
99656.579	43.072	41.051	44.024	42.201	0.010	33.470	34.627	2.956	0.011	-1.346	7.078
99656.779	43.023	41.115	44.092	42.323	0.010	33.483	34.623	2.956	0.011	0.740	8.087
99656.979	43.007	41.126	44.153	42.284	0.010	33.476	34.623	2.955	0.011	2.309	8.334
99657.178	43.074	41.179	44.744	42.230	0.010	33.488	34.631	2.957	0.011	3.263	8.614
99657.378	43.210	41.009	44.402	42.035	0.010	33.465	34.624	2.956	0.011	3.513	7.884
99657.578	43.047	41.041	44.353	42.144	0.010	33.476	34.627	2.958	0.011	-0.206	7.599
99657.779	43.038	41.104	44.450	42.193	0.010	33.480	34.620	2.958	0.011	-0.732	7.780
99657.979	43.132	40.956	44.649	42.065	0.010	33.467	34.625	2.956	0.011	0.999	7.407
99658.180	43.030	41.012	44.882	41.925	0.010	33.480	34.618	2.956	0.011	0.279	7.687
99658.380	43.158	40.982	43.751	42.222	0.010	33.459	34.629	2.957	0.012	1.928	7.599
99658.580	43.147	41.032	44.027	41.720	0.010	33.473	34.622	2.957	0.012	3.343	8.263
99658.780	43.030	40.986	44.841	42.012	0.010	33.479	34.637	2.956	0.011	-1.362	7.418
99658.979	43.083	41.085	44.212	41.508	0.010	33.466	34.621	2.956	0.011	3.432	8.570
99659.180	43.042	41.121	44.760	41.642	0.010	33.486	34.632	2.956	0.011	3.069	8.729
99659.380	43.054	40.966	44.086	42.619	0.010	33.480	34.625	2.956	0.011	-0.489	7.243
99659.580	43.150	41.000	44.176	42.065	0.010	33.484	34.627	2.956	0.012	4.516	8.137
99659.779	43.101	41.111	44.430	41.859	0.010	33.488	34.626	2.956	0.011	3.796	8.745
99659.979	43.038	41.058	44.320	41.838	0.010	33.485	34.635	2.957	0.011	-0.182	7.791
99660.179	43.034	41.109	44.553	41.535	0.010	33.481	34.625	2.956	0.011	0.740	7.972
99660.380	43.186	41.009	44.719	42.136	0.010	33.471	34.629	2.956	0.012	2.672	8.181
99660.580	43.035	41.087	44.484	42.075	0.010	33.476	34.625	2.957	0.011	1.096	8.362
99660.781	43.163	40.973	44.069	41.644	0.010	33.458	34.621	2.956	0.011	2.866	7.989
99660.980	43.150	40.970	44.166	42.064	0.010	33.464	34.620	2.956	0.011	2.980	8.011
99661.180	43.024	41.012	44.553	42.176	0.010	33.483	34.623	2.956	0.011	-0.869	7.150
99661.381	43.008	41.067	44.863	41.660	0.010	33.471	34.637	2.955	0.010	0.077	7.983
99661.580	43.105	41.153	44.200	42.244	0.010	33.468	34.621	2.956	0.011	2.672	8.592
99661.780	43.152	40.950	44.563	42.258	0.010	33.472	34.622	2.958	0.011	-0.222	7.342
99662.112	43.137	40.985	44.601	42.231	0.010	33.477	34.618	2.958	0.011	-0.691	7.155
99662.312	43.085	41.088	44.577	42.365	0.010	33.473	34.637	2.958	0.011	-1.249	7.797
99662.513	43.188	41.122	44.130	41.818	0.010	33.459	34.628	2.957	0.011	5.235	8.789
99662.713	43.157	41.149	44.754	42.300	0.010	33.475	34.622	2.958	0.011	3.319	8.499
99662.912	43.103	41.041	44.814	42.209	0.010	33.455	34.622	2.959	0.011	-2.106	7.566
99663.112	43.244	41.102	44.933	41.533	0.010	33.474	34.622	2.959	0.011	3.335	8.334
99663.312	43.125	41.181	44.797	42.285	0.010	33.476	34.625	2.956	0.011	2.745	8.510
99663.513	43.127	41.012	44.680	41.946	0.010	33.465	34.626	2.957	0.011	-1.516	7.013
99663.713	43.238	41.040	44.021	42.628	0.010	33.472	34.620	2.956	0.011	1.743	7.385
99663.912	43.141	41.096	44.646	41.989	0.010	33.481	34.624	2.956	0.011	-0.206	7.506
99664.112	43.268	41.037	44.512	42.737	0.010	33.473	34.623	2.957	0.011	1.953	7.671
99664.313	43.217	41.006	44.261	41.941	0.010	33.467	34.615	2.957	0.011	1.096	6.826
99664.512	43.255	41.014	44.683	42.082	0.010	33.466	34.622	2.958	0.011	2.567	7.484
99664.712	43.214	41.159	44.380	41.577	0.010	33.469	34.617	2.957	0.011	3.554	8.416
99664.913	43.124	41.083	44.438	42.144	0.010	33.463	34.628	2.957	0.011	1.379	7.616
99665.113	43.250	41.118	44.305	41.964	0.010	33.463	34.619	2.956	0.011	4.783	8.345
99665.313	43.126	41.023	44.176	41.832	0.010	33.454	34.607	2.956	0.011	-0.327	7.610
99665.514	43.296	41.085	44.478	42.118	0.010	33.467	34.618	2.957	0.012	5.915	8.329
99665.715	43.177	41.184	44.856	42.472	0.010	33.473	34.612	2.957	0.011	3.190	8.652
99665.914	43.288	41.093	44.546	41.927	0.010	33.474	34.618	2.956	0.011	6.004	8.175
99666.115	43.154	41.123	44.893	42.285	0.010	33.483	34.638	2.956	0.011	0.392	7.742
99666.315	43.236	40.989	44.132	42.176	0.010	33.469	34.633	2.958	0.011	1.411	7.259
99666.514	43.101	41.111	44.381	42.090	0.010	33.475	34.622	2.956	0.011	0.966	7.846
99666.715	43.165	41.184	44.754	42.022	0.010	33.463	34.625	2.957	0.011	2.357	8.005
99666.915	43.292	41.075	44.610	41.873	0.010	33.462	34.624	2.957	0.012	5.462	7.802
99667.115	43.230	40.998	44.721	42.393	0.010	33.459	34.638	2.957	0.011	1.637	7.199
99667.315	43.143	41.093	44.810	42.195	0.010	33.473	34.617	2.958	0.011	0.780	7.506
99667.514	43.225	41.190	44.577	42.223	0.010	33.466	34.620	2.956	0.011	6.198	8.723
99667.714	43.161	41.143	44.483	42.389	0.010	33.473	34.632	2.955	0.011	2.414	8.263
99667.915	43.126	41.140	44.495	42.479	0.010	33.470	34.627	2.956	0.011	1.621	7.983
99668.115	43.269	41.096	44.544	42.422	0.010	33.463	34.622	2.955	0.011	5.688	8.296
99668.316	43.220	41.003	44.841	42.378	0.010	33.456	34.624	2.956	0.011	2.632	7.610
99668.516	43.275	41.018	43.984	42.217	0.010	33.482	34.626	2.956	0.012	4.225	7.347
99668.716	43.166	41.025	44.394	41.692	0.010	33.473	34.622	2.955	0.011	2.300	7.353
99668.916	43.186	41.017	44.517	42.232	0.010	33.459	34.620	2.957	0.011	2.042	7.342
99669.116	43.153	41.061	44.656	42.275	0.010	33.467	34.627	2.957	0.011	0.514	7.243
99669.315	43.254	41.180	44.757	42.017	0.010	33.466	34.619	2.957	0.011	4.435	8.806
99669.516	43.276	41.063	44.187	42.512	0.010	33.462	34.621	2.957	0.011	5.276	8.109
99669.717	43.155	41.170	44.734	41.950	0.010	33.487	34.624	2.957	0.011	2.397	8.246
99669.918	43.211	41.041	44.610	41.894	0.010	33.474	34.634	2.958	0.011	0.910	7.144
99670.119	43.254	41.036	44.710	42.077	0.010	33.464	34.622	2.956	0.012	6.359	8.011
99670.318	43.165	41.076	44.424	42.466	0.010	33.462	34.625	2.956	0.011	0.659	7.808
99670.520	43.169	41.181	44.782	42.253	0.010	33.473	34.636	2.956	0.011	2.462	8.482
99670.719	43.152	41.040	44.945	41.944	0.010	33.474	34.625	2.956	0.011	0.344	7.967
99670.920	43.183	41.041	44.518	42.194	0.010	33.465	34.635	2.956	0.011	0.190	7.084
99671.120	43.259	41.021	44.598	42.062	0.010	33.467	34.622	2.955	0.011	4.354	7.353
99671.320	43.222	40.960	44.658	42.111	0.010	33.471	34.629	2.956	0.011	0.101	7.226
99671.520	43.286	41.036	44.746	42.155	0.010	33.466	34.623	2.956	0.011	2.292	7.627
99671.720	43.123	41.147	44.840	42.423	0.010	33.476	34.623	2.956	0.011	1.233	7.830
99671.920	43.214	41.167	44.583	41.158	0.010	33.490	34.626	2.956	0.011	3.246	8.329
99672.122	43.153	41.151	44.426	42.262	0.010	33.471	34.626	2.956	0.011	2.826	8.394
99672.321	43.166	41.139	44.271	42.355	0.010	33.486	34.616	2.956	0.011	3.626	8.208
99672.522	43.117	41.138	44.888	42.777	0.010	33.470	34.621	2.956	0.011	2.551	8.246
99672.723	43.172	40.983	44.179	42.115	0.010	33.481	34.627	2.955	0.011	-0.004	7.062
99672.923	43.224	41.166	43.947	42.317	0.010	33.477	34.613	2.954	0.011	3.748	8.674
99673.123	43.273	41.103	44.777	42.199	0.010	33.468	34.613	2.957	0.011	5.049	8.570
99673.324	43.252	41.147	44.218	41.871	0.010	33.453	34.612	2.955	0.011	4.378	8.597
99673.525	43.214	40.983	44.432	41.615	0.010	33.468	34.633	2.958	0.011	1.322	7.166
99673.726	43.251	41.007	44.695	41.790	0.010	33.456	34.622	2.956	0.011	1.678	7.682
99673.926	43.259	41.065	44.686	42.297	0.010	33.469	34.610	2.955	0.011	3.659	8.285
99674.126	43.272	41.026	44.348	42.241	0.010	33.455	34.619	2.958	0.011	3.263	7.528
99674.326	43.121	41.090	45.049	42.095	0.010	33.471	34.627	2.955	0.011	-0.311	7.528
99674.525	43.248	41.107	44.206	41.722	0.010	33.466	34.615	2.956	0.011	4.694	8.131
99674.725	43.257	40.980	44.723	41.767	0.010	33.468	34.605	2.956	0.012	1.346	7.561
99674.926	43.178	40.965	44.196	42.434	0.010	33.472	34.630	2.955	0.011	2.430	7.358
99675.127	43.190	41.139	44.298	41.831	0.010	33.470	34.602	2.955	0.011	3.012	8.586
99675.326	43.123	41.140	44.625	41.758	0.010	33.483	34.632	2.956	0.011	1.524	8.340
99675.526	43.107	41.150	44.942	41.803	0.010	33.473	34.613	2.954	0.011	3.764	8.795
99675.727	43.252	40.971	44.670	42.378	0.010	33.472	34.610	2.956	0.011	1.783	7.747
99675.928	43.096	41.064	44.703	42.662	0.010	33.477	34.626	2.956	0.011	-0.715	7.599
99676.127	43.172	41.055	44.023	42.004	0.010	33.464	34.621	2.955	0.011	3.602	8.323
99676.327	43.020	41.071	44.334	42.289	0.010	33.485	34.625	2.956	0.011	2.179	7.758
99676.528	43.158	40.981	44.775	41.998	0.010	33.473	34.615	2.957	0.012	2.268	7.188
99676.727	43.070	41.095	44.047	41.486	0.010	33.479	34.623	2.956	0.011	1.443	8.394
99676.928	43.187	41.089	44.451	42.154	0.010	33.477	34.621	2.956	0.011	3.610	8.416
99677.128	43.149	40.985	44.098	42.206	0.010	33.460	34.624	2.956	0.011	1.654	7.303
99677.328	43.179	40.975	44.172	42.269	0.010	33.457	34.623	2.957	0.011	0.788	6.985
99677.528	43.048	41.140	44.800	42.282	0.010	33.473	34.625	2.958	0.011	0.457	7.671
99677.728	43.200	41.128	44.191	42.397	0.010	33.469	34.628	2.956	0.011	4.702	8.356
99677.927	43.076	41.098	44.504	42.119	0.010	33.474	34.632	2.956	0.011	-0.505	7.402
99678.127	43.144	41.152	44.742	41.698	0.010	33.479	34.618	2.956	0.011	4.346	8.756
99678.327	43.233	41.023	44.006	42.684	0.010	33.471	34.615	2.956	0.011	3.578	7.720
99678.528	43.146	40.970	44.679	42.358	0.010	33.478	34.620	2.956	0.011	1.217	7.062
99678.728	43.084	41.096	44.642	41.953	0.010	33.482	34.629	2.956	0.011	0.214	7.852
99678.929	43.075	41.104	44.245	41.937	0.010	33.478	34.625	2.955	0.011	-0.222	7.736
99679.128	43.243	40.982	44.175	42.499	0.010	33.474	34.613	2.957	0.012	3.222	7.632
99679.329	43.238	41.052	44.325	42.825	0.010	33.475	34.619	2.958	0.011	3.182	7.797
99679.528	43.228	41.130	44.580	42.171	0.010	33.466	34.614	2.956	0.011	4.370	8.362
99679.729	43.225	41.062	44.772	42.280	0.010	33.483	34.615	2.956	0.011	5.656	8.033
99679.929	43.230	41.046	44.447	41.882	0.010	33.475	34.610	2.956	0.011	4.006	7.555
99680.129	43.153	41.003	44.226	42.093	0.010	33.476	34.629	2.957	0.011	0.182	6.854
99680.329	43.243	40.989	44.268	41.863	0.010	33.465	34.632	2.956	0.012	3.408	7.512
99680.529	43.095	41.168	44.536	42.142	0.010	33.460	34.635	2.958	0.011	2.737	8.016
99680.729	43.210	40.987	44.546	42.318	0.010	33.473	34.632	2.958	0.012	4.257	7.643
99680.928	43.095	40.954	44.494	42.428	0.010	33.476	34.623	2.958	0.011	-0.966	7.473
99681.128	43.112	41.165	44.626	41.955	0.010	33.478	34.622	2.955	0.011	3.392	8.318
99681.329	43.100	41.025	44.177	42.563	0.010	33.468	34.626	2.956	0.011	0.724	7.517
99681.529	43.220	40.972	44.593	42.232	0.010	33.462	34.622	2.956	0.011	1.395	7.183
99681.728	43.234	40.966	43.977	42.099	0.010	33.479	34.618	2.957	0.011	1.637	7.155
99681.930	43.205	41.084	44.302	42.154	0.010	33.463	34.630	2.958	0.011	5.890	8.438
99682.131	43.116	41.107	44.437	42.462	0.010	33.476	34.621	2.956	0.011	0.797	7.413
99682.330	43.183	41.154	43.942	42.113	0.010	33.470	34.613	2.958	0.011	3.699	8.488
99682.532	43.120	41.131	44.552	41.632	0.010	33.475	34.629	2.958	0.011	0.659	7.780
99682.732	43.195	40.971	44.448	42.182	0.010	33.460	34.640	2.958	0.011	0.045	7.254
99682.932	43.179	40.960	44.180	42.075	0.010	33.469	34.632	2.957	0.011	1.177	7.117
99683.131	43.121	41.098	44.101	42.376	0.010	33.479	34.623	2.957	0.011	0.797	8.044
99683.331	43.247	41.074	44.021	41.926	0.010	33.459	34.620	2.956	0.011	5.324	8.301
99683.531	43.169	40.967	44.403	42.194	0.010	33.474	34.619	2.957	0.011	0.400	6.886
99683.732	43.267	41.018	44.738	42.228	0.010	33.462	34.619	2.957	0.011	3.740	7.435
99683.931	43.164	41.188	44.762	42.556	0.010	33.478	34.627	2.956	0.011	5.179	8.685
99684.132	43.182	41.177	45.134	42.693	0.010	33.478	34.620	2.956	0.011	4.298	8.674
99684.332	43.227	41.043	44.252	42.165	0.010	33.467	34.628	2.959	0.011	2.034	7.654
99684.532	43.194	41.114	44.514	42.458	0.010	33.476	34.630	2.956	0.011	1.354	7.780
99684.732	43.318	41.041	44.181	41.962	0.010	33.472	34.618	2.958	0.011	4.241	7.961
99684.933	43.240	41.211	44.524	42.190	0.010	33.469	34.622	2.957	0.011	5.163	8.915
99685.132	43.230	41.223	44.581	42.354	0.010	33.479	34.629	2.957	0.011	5.381	8.723
99685.332	43.301	41.036	44.503	41.638	0.010	33.466	34.627	2.957	0.011	4.411	8.268
99685.533	43.153	41.131	44.943	42.504	0.010	33.476	34.623	2.956	0.011	1.532	8.109
99685.733	43.146	41.150	44.764	41.766	0.010	33.485	34.627	2.958	0.011	3.505	8.548
99685.934	43.131	41.155	44.803	42.085	0.010	33.466	34.623	2.956	0.011	2.309	8.499
99686.134	43.261	41.064	44.662	42.159	0.010	33.456	34.616	2.957	0.011	5.430	7.906
99686.333	43.255	41.004	43.997	42.214	0.010	33.490	34.618	2.958	0.011	1.185	7.385
99686.534	43.207	41.034	44.644	41.774	0.010	33.470	34.625	2.958	0.011	1.848	7.243
99686.734	43.233	41.013	44.211	42.568	0.010	33.476	34.629	2.956	0.011	1.961	7.572
99686.934	43.294	41.003	44.307	42.494	0.010	33.467	34.619	2.957	0.011	4.928	7.605
99687.135	43.292	41.093	44.635	41.550	0.010	33.464	34.618	2.955	0.011	5.648	8.060
99687.335	43.152	41.115	44.722	42.159	0.010	33.470	34.634	2.956	0.011	0.222	7.780
99687.535	43.164	41.056	44.599	42.876	0.010	33.473	34.633	2.957	0.011	1.023	7.128
99687.735	43.267	41.119	44.374	41.855	0.010	33.483	34.629	2.956	0.011	5.591	8.521
99687.936	43.179	41.056	44.665	41.946	0.010	33.467	34.626	2.957	0.011	1.233	7.446
99688.136	43.304	41.010	44.057	42.223	0.010	33.464	34.635	2.956	0.011	1.928	7.314
99688.336	43.202	41.211	44.539	41.702	0.010	33.475	34.634	2.957	0.011	2.365	8.411
99688.535	43.249	41.074	44.424	41.855	0.010	33.475	34.627	2.955	0.012	5.001	8.071
99688.736	43.199	41.143	44.748	42.002	0.010	33.479	34.635	2.956	0.011	4.103	8.466
99688.936	43.274	40.980	44.416	42.644	0.010	33.479	34.630	2.957	0.011	1.767	7.385
99689.136	43.121	41.012	44.543	42.264	0.010	33.475	34.628	2.956	0.011	0.449	7.764
99689.335	43.214	40.947	44.434	42.150	0.010	33.472	34.631	2.956	0.011	1.645	7.265
99689.535	43.282	41.000	45.216	42.888	0.010	33.471	34.628	2.957	0.012	2.009	7.649
99689.736	43.265	41.168	44.489	41.994	0.010	33.483	34.617	2.957	0.012	5.373	8.844
99689.935	43.284	41.173	44.633	41.787	0.010	33.478	34.627	2.957	0.012	4.653	8.702
99690.136	43.275	41.157	44.633	42.304	0.010	33.471	34.627	2.957	0.012	5.357	8.696
99690.335	43.197	41.204	44.550	41.923	0.010	33.493	34.633	2.957	0.012	3.804	8.778
99690.535	43.298	41.006	44.669	42.087	0.010	33.481	34.621	2.958	0.012	2.640	7.720
99690.736	43.290	41.098	44.010	41.796	0.010	33.498	34.629	2.957	0.012	5.769	8.685
99690.935	43.166	41.135	44.784	41.564	0.010	33.482	34.633	2.957	0.011	-0.238	8.186
99691.136	43.176	41.068	44.210	42.372	0.010	33.471	34.621	2.956	0.011	0.918	7.440
99691.336	43.191	41.092	44.248	42.196	0.010	33.473	34.625	2.957	0.011	2.397	7.747
99691.536	43.200	40.956	44.750	42.383	0.010	33.476	34.627	2.956	0.012	2.211	7.002
99691.736	43.246	40.935	44.649	41.897	0.010	33.463	34.624	2.957	0.012	2.891	7.440
99691.935	43.299	41.008	44.502	42.275	0.010	33.461	34.626	2.956	0.011	4.613	7.501
99692.136	43.173	41.117	44.040	42.253	0.010	33.485	34.637	2.957	0.011	2.284	8.312
99692.337	43.329	41.055	44.507	41.893	0.010	33.481	34.627	2.956	0.012	5.147	7.912
99692.537	43.271	40.971	44.369	42.079	0.010	33.480	34.632	2.956	0.011	3.796	7.364
99692.738	43.152	41.175	44.839	41.750	0.010	33.478	34.637	2.958	0.011	3.416	8.290
99692.938	43.267	41.135	45.335	41.989	0.010	33.473	34.632	2.956	0.011	6.117	8.362
99693.138	43.255	41.159	43.990	42.207	0.010	33.468	34.626	2.959	0.011	5.963	8.548
99693.337	43.210	41.192	44.911	41.990	0.010	33.480	34.625	2.957	0.011	5.462	8.323
99693.537	43.185	41.104	45.137	41.747	0.010	33.477	34.628	2.957	0.011	0.295	7.665
99693.737	43.302	41.006	44.125	42.195	0.010	33.485	34.618	2.958	0.012	4.233	7.347
99693.938	43.265	41.007	44.408	41.737	0.010	33.483	34.633	2.958	0.011	1.686	7.265
99694.139	43.166	41.177	44.295	42.474	0.010	33.476	34.627	2.959	0.011	4.378	8.636
99694.339	43.229	41.181	44.805	42.295	0.010	33.472	34.641	2.956	0.011	6.416	8.850
99694.538	43.192	40.993	44.278	42.331	0.010	33.481	34.625	2.958	0.011	0.958	7.342
99694.738	43.264	40.995	44.197	42.643	0.010	33.491	34.622	2.959	0.011	3.481	7.128
99694.939	43.235	41.001	44.211	42.002	0.010	33.479	34.629	2.959	0.011	2.955	7.320
99695.140	43.169	41.121	44.321	42.564	0.010	33.483	34.631	2.958	0.011	3.255	8.537
99695.339	43.306	41.000	44.546	41.910	0.010	33.477	34.615	2.958	0.012	4.637	7.747
99695.540	43.193	40.987	44.698	42.572	0.010	33.486	34.625	2.958	0.011	0.788	7.270
99695.741	43.150	41.113	44.394	41.572	0.010	33.484	34.627	2.957	0.011	2.446	8.093
99695.941	43.294	41.028	44.124	41.791	0.010	33.484	34.627	2.958	0.012	4.653	7.841
99696.140	43.228	41.184	44.717	41.853	0.010	33.492	34.630	2.957	0.011	5.041	8.751
99696.340	43.244	41.123	44.581	41.970	0.010	33.482	34.627	2.957	0.012	5.211	8.789
99696.541	43.243	41.093	44.504	42.278	0.010	33.483	34.625	2.958	0.012	5.979	8.663
99696.741	43.248	41.142	44.222	42.448	0.010	33.478	34.632	2.958	0.012	4.419	8.652
99696.941	43.146	41.121	44.940	42.236	0.010	33.486	34.639	2.956	0.011	0.530	7.923
99697.142	43.159	40.996	44.423	42.277	0.010	33.488	34.633	2.958	0.011	1.144	7.610
99697.341	43.252	41.117	44.446	42.771	0.010	33.481	34.621	2.959	0.012	4.605	8.449
99697.542	43.279	41.051	44.096	41.949	0.010	33.489	34.629	2.957	0.012	5.486	8.455
99697.741	43.248	41.115	44.120	42.114	0.010	33.476	34.631	2.958	0.011	4.783	8.608
99697.943	43.128	41.091	44.801	42.046	0.010	33.491	34.633	2.958	0.011	1.435	8.197
99698.143	43.290	40.983	44.264	42.082	0.010	33.471	34.624	2.957	0.012	2.980	7.550
99698.343	43.272	41.006	44.507	42.361	0.010	33.484	34.622	2.957	0.012	3.077	7.237
99698.543	43.177	41.003	44.440	42.230	0.010	33.476	34.636	2.958	0.011	-0.069	7.226
99698.743	43.197	41.136	44.711	42.070	0.010	33.478	34.619	2.958	0.011	3.618	8.126
99698.942	43.222	41.178	44.463	41.779	0.010	33.487	34.615	2.957	0.011	5.874	8.444
99699.143	43.238	40.987	44.178	42.237	0.010	33.481	34.626	2.959	0.012	0.894	7.117
99699.344	43.231	40.973	45.068	42.318	0.010	33.470	34.628	2.957	0.011	0.724	7.166
99699.544	43.267	40.964	44.776	42.123	0.010	33.470	34.619	2.956	0.012	3.174	7.528
99699.744	43.254	41.125	44.465	41.410	0.010	33.471	34.625	2.958	0.012	5.405	8.603
99699.944	43.271	41.033	44.218	41.959	0.010	33.475	34.613	2.958	0.012	6.262	8.246
99700.144	43.260	41.096	44.036	42.175	0.010	33.472	34.628	2.958	0.011	4.128	8.148
99700.344	43.266	40.931	44.407	42.245	0.010	33.477	34.618	2.958	0.011	3.303	7.325
99700.544	43.187	41.133	44.498	41.625	0.010	33.476	34.623	2.957	0.011	3.554	8.126
99700.744	43.304	41.012	44.096	42.219	0.010	33.474	34.628	2.957	0.011	2.680	7.336
99700.944	43.155	41.100	44.373	42.759	0.010	33.472	34.627	2.957	0.011	-0.004	7.451
99701.144	43.195	41.121	44.449	42.158	0.010	33.479	34.630	2.957	0.011	3.311	8.334
99701.345	43.303	41.088	44.177	41.896	0.010	33.479	34.617	2.957	0.011	4.678	7.846
99701.545	43.292	41.111	44.488	42.469	0.010	33.474	34.628	2.956	0.011	2.963	8.175
99701.746	43.272	40.967	44.224	42.054	0.010	33.471	34.617	2.958	0.011	3.093	7.314
99701.946	43.180	40.957	44.179	41.861	0.010	33.482	34.640	2.958	0.011	0.158	6.914
99702.146	43.134	40.971	43.834	41.755	0.010	33.478	34.641	2.960	0.011	1.257	7.051
99702.346	43.212	41.108	44.677	41.840	0.010	33.488	34.624	2.958	0.011	4.435	8.394
99702.546	43.242	40.972	44.768	41.847	0.010	33.478	34.638	2.959	0.011	2.955	7.298
99702.746	43.245	41.007	44.348	42.047	0.010	33.475	34.626	2.959	0.011	2.511	7.172
99702.946	43.296	41.052	44.198	41.886	0.010	33.478	34.627	2.959	0.011	4.661	7.917
99703.145	43.279	41.045	44.196	42.217	0.010	33.466	34.615	2.957	0.011	4.661	8.203
99703.346	43.283	41.057	44.874	41.703	0.010	33.482	34.617	2.958	0.012	4.920	8.137
99703.546	43.271	41.064	44.736	41.686	0.010	33.471	34.623	2.957	0.011	5.826	8.658
99703.745	43.148	41.113	44.574	42.342	0.010	33.466	34.632	2.958	0.011	1.411	8.060
99703.946	43.332	41.011	44.466	41.899	0.010	33.480	34.624	2.957	0.012	5.365	8.000
99704.147	43.153	41.099	45.086	41.792	0.010	33.480	34.624	2.957	0.011	3.829	8.532
99704.347	43.263	40.997	44.471	41.649	0.010	33.457	34.626	2.958	0.012	3.343	7.380
99704.546	43.226	40.959	44.138	41.987	0.010	33.471	34.628	2.958	0.012	2.486	7.161
99704.747	43.155	41.035	44.846	42.161	0.010	33.475	34.629	2.958	0.011	0.279	7.407
99704.947	43.148	41.092	44.743	42.669	0.010	33.483	34.631	2.959	0.011	0.659	7.906
99705.146	43.167	41.085	44.727	42.417	0.010	33.479	34.633	2.957	0.011	2.664	8.027
99705.346	43.172	41.114	44.708	42.038	0.010	33.467	34.619	2.956	0.011	3.635	8.312
99705.547	43.171	40.997	44.661	42.231	0.010	33.483	34.629	2.958	0.011	0.861	7.539
99705.747	43.170	41.167	44.690	42.616	0.010	33.480	34.630	2.958	0.011	5.405	8.592
99705.946	43.261	41.153	44.981	41.374	0.010	33.471	34.620	2.958	0.011	7.055	8.318
99706.147	43.300	41.045	44.180	41.865	0.010	33.463	34.622	2.958	0.011	4.775	8.109
99706.346	43.222	40.978	44.400	42.420	0.010	33.461	34.627	2.958	0.011	2.131	7.281
99706.547	43.201	40.987	44.166	42.045	0.010	33.477	34.629	2.955	0.011	1.548	7.024
99706.748	43.196	40.981	44.347	42.044	0.010	33.478	34.634	2.958	0.011	0.619	7.199
99706.948	43.304	41.061	44.404	42.223	0.010	33.464	34.632	2.958	0.011	5.502	7.934
99707.148	43.330	41.042	43.848	42.383	0.010	33.480	34.630	2.958	0.011	3.901	7.912
99707.348	43.261	41.165	44.683	42.443	0.010	33.480	34.619	2.956	0.011	4.864	8.608
99707.547	43.151	41.047	45.294	42.401	0.010	33.479	34.628	2.958	0.011	2.494	7.512
99707.747	43.232	41.157	44.426	42.162	0.010	33.469	34.625	2.956	0.011	4.936	8.455
99707.948	43.196	41.099	44.647	42.616	0.010	33.473	34.625	2.955	0.011	5.187	8.181
99708.274	43.167	41.127	45.219	42.295	0.010	33.494	34.630	2.958	0.011	4.330	8.181
99708.474	43.290	41.057	44.832	41.461	0.010	33.466	34.613	2.958	0.012	7.386	8.016
99708.674	43.229	40.974	44.563	41.851	0.010	33.479	34.631	2.958	0.011	1.193	6.925
99708.874	43.260	40.993	43.986	41.810	0.010	33.466	34.624	2.957	0.012	2.721	7.331
99709.073	43.145	41.096	44.770	42.245	0.010	33.484	34.633	2.957	0.011	1.912	7.917
99709.274	43.144	41.081	43.762	43.012	0.010	33.479	34.631	2.956	0.011	1.265	7.693
99709.474	43.263	40.976	44.718	42.130	0.010	33.480	34.624	2.956	0.011	3.093	6.936
99709.675	43.189	40.899	44.383	42.349	0.010	33.480	34.627	2.957	0.011	0.109	7.166
99709.875	43.248	41.072	44.648	42.263	0.010	33.476	34.632	2.959	0.011	5.963	8.559
99710.075	43.192	41.111	44.561	42.393	0.010	33.474	34.623	2.959	0.011	5.397	8.543
99710.275	43.189	40.944	44.340	42.592	0.010	33.464	34.625	2.957	0.011	0.295	7.128
99710.475	43.154	41.035	44.456	41.675	0.010	33.473	34.629	2.957	0.011	-0.044	7.309
99710.675	43.137	41.122	44.636	42.214	0.010	33.485	34.624	2.956	0.011	-0.061	7.802
99710.876	43.131	41.130	44.484	42.231	0.010	33.473	34.636	2.956	0.011	1.734	8.175
99711.076	43.107	41.036	44.821	42.061	0.010	33.458	34.642	2.958	0.011	0.012	7.643
99711.277	43.216	40.926	44.958	42.048	0.010	33.474	34.635	2.957	0.011	1.136	6.864
99711.477	43.124	41.009	44.282	42.066	0.010	33.478	34.638	2.956	0.011	-1.055	6.919
99711.676	43.184	41.118	44.599	41.980	0.010	33.491	34.629	2.955	0.011	4.031	8.559
99711.876	43.123	41.092	44.398	41.980	0.010	33.485	34.633	2.957	0.011	4.087	8.460
99712.076	43.131	41.076	44.446	41.779	0.010	33.473	34.627	2.955	0.011	3.942	8.060
99712.277	43.140	40.977	44.823	42.048	0.010	33.488	34.625	2.958	0.011	1.516	6.843
99712.477	43.118	40.992	44.348	42.412	0.010	33.473	34.636	2.956	0.011	-0.061	7.314
99712.676	43.193	41.014	44.578	41.728	0.010	33.484	34.632	2.956	0.011	4.370	8.109
99712.877	43.208	40.939	44.214	41.817	0.010	33.467	34.636	2.958	0.012	2.672	7.204
99713.076	43.156	41.074	44.424	41.535	0.010	33.473	34.629	2.957	0.011	4.831	8.416
99713.277	43.162	40.900	44.724	42.322	0.010	33.483	34.634	2.959	0.011	1.953	6.980
99713.477	43.077	41.048	44.264	42.472	0.010	33.485	34.629	2.957	0.011	1.403	7.824
99713.677	43.153	41.114	44.480	41.996	0.010	33.476	34.614	2.958	0.011	3.861	8.312
99713.876	43.166	40.885	44.028	41.899	0.010	33.481	34.628	2.957	0.011	0.053	6.980
99714.077	43.200	41.075	44.450	41.775	0.010	33.483	34.627	2.955	0.011	4.443	8.438
99714.277	43.124	40.946	44.606	42.466	0.010	33.470	34.618	2.958	0.011	-1.007	7.062
99714.477	43.154	41.030	44.075	42.349	0.010	33.467	34.624	2.957	0.011	5.470	8.224
99714.677	43.189	40.897	44.683	41.829	0.010	33.462	34.631	2.957	0.011	3.327	7.188
99714.876	43.128	40.890	43.973	42.187	0.010	33.472	34.629	2.957	0.011	1.168	7.007
99715.077	43.198	40.952	44.317	42.043	0.010	33.475	34.623	2.957	0.012	5.292	7.934
99715.277	43.187	40.997	43.994	42.099	0.010	33.465	34.624	2.956	0.011	5.413	8.137
99715.476	43.182	41.071	43.869	42.421	0.010	33.482	34.619	2.958	0.011	4.597	8.460
99715.677	43.190	40.941	44.459	42.480	0.010	33.478	34.640	2.957	0.011	1.548	6.875
99715.877	43.088	40.988	44.367	42.234	0.010	33.469	34.630	2.957	0.011	-0.691	7.451
99716.077	43.024	41.071	44.669	42.067	0.010	33.489	34.629	2.958	0.011	0.627	8.044
99716.277	43.055	40.931	44.493	42.113	0.010	33.470	34.640	2.957	0.011	0.376	7.128
99716.478	43.205	41.028	44.636	41.954	0.010	33.469	34.630	2.957	0.011	5.446	7.994
99716.677	43.051	41.030	44.420	42.046	0.010	33.469	34.626	2.956	0.011	2.608	7.808
99716.878	43.160	41.003	44.296	41.772	0.010	33.471	34.633	2.957	0.012	5.405	8.087
99717.077	43.014	41.040	44.806	42.343	0.010	33.470	34.637	2.956	0.011	3.004	7.841
99717.277	43.168	41.008	44.239	42.125	0.010	33.472	34.620	2.957	0.012	5.688	8.126
99717.478	43.123	40.895	44.524	42.214	0.010	33.464	34.631	2.957	0.011	1.581	7.194
99717.678	43.026	40.988	44.646	42.285	0.010	33.458	34.637	2.954	0.011	0.125	7.194
99717.878	43.048	41.042	44.123	42.061	0.010	33.464	34.633	2.956	0.011	3.060	8.285
99718.078	43.127	41.029	44.561	41.720	0.010	33.464	34.634	2.957	0.012	3.974	8.329
99718.277	43.045	40.950	44.267	42.264	0.010	33.476	34.641	2.956	0.011	-1.419	7.204
99718.478	43.146	40.875	44.163	41.871	0.010	33.459	34.633	2.957	0.012	2.001	7.024
99718.677	43.097	41.062	44.285	41.884	0.010	33.472	34.637	2.956	0.011	3.174	8.400
99718.878	43.199	40.970	43.987	42.309	0.010	33.468	34.627	2.958	0.012	3.691	7.698
99719.077	43.206	41.003	44.284	42.253	0.010	33.477	34.624	2.958	0.012	4.952	7.802
99719.278	43.092	40.964	44.389	41.941	0.010	33.472	34.648	2.958	0.011	-0.610	7.194
99719.477	43.079	40.973	44.009	41.977	0.010	33.470	34.637	2.957	0.012	0.190	6.733
99719.677	43.078	41.079	44.643	42.165	0.010	33.481	34.641	2.956	0.011	1.969	7.769
99719.878	43.182	41.005	44.422	41.741	0.010	33.472	34.633	2.954	0.012	3.893	7.758
99720.078	43.078	41.039	44.433	42.062	0.010	33.473	34.639	2.957	0.011	-0.125	6.875
99720.277	43.099	40.967	44.647	41.989	0.010	33.482	34.626	2.956	0.011	-0.061	7.040
99720.478	43.160	41.062	44.160	42.146	0.010	33.474	34.633	2.957	0.012	4.427	8.400
99720.678	43.193	41.021	44.357	42.125	0.010	33.478	34.629	2.956	0.012	3.998	7.835
99720.877	43.146	40.954	44.536	42.325	0.010	33.468	34.639	2.956	0.012	-0.813	6.843
99721.077	43.062	41.077	44.214	42.739	0.010	33.475	34.637	2.957	0.011	0.416	8.224
99721.278	43.197	40.963	44.455	42.235	0.010	33.471	34.643	2.956	0.012	2.745	7.128
99721.478	43.178	41.014	44.373	41.856	0.010	33.470	34.637	2.957	0.012	4.079	8.137
99721.678	43.070	40.952	44.208	41.880	0.010	33.471	34.631	2.957	0.011	-0.133	6.700
99721.878	43.124	40.912	44.507	42.421	0.010	33.477	34.638	2.957	0.011	1.185	7.106
99722.078	43.149	41.084	44.527	41.915	0.010	33.478	34.624	2.955	0.011	4.944	8.367
99722.279	43.127	40.938	44.418	41.684	0.010	33.469	34.625	2.957	0.012	1.096	7.204
99722.478	43.035	40.978	44.307	41.918	0.010	33.463	34.619	2.956	0.011	0.150	6.919
99722.679	43.079	40.936	44.418	42.011	0.010	33.481	34.620	2.958	0.011	1.468	7.089
99722.879	43.142	40.916	44.153	41.744	0.010	33.474	34.630	2.954	0.012	1.476	7.024
99723.078	43.024	40.957	44.720	42.412	0.010	33.495	34.632	2.956	0.011	-0.093	7.287
99723.279	43.046	40.921	44.596	42.499	0.010	33.473	34.625	2.956	0.011	0.408	7.210
99723.478	43.024	41.032	44.363	42.023	0.010	33.476	34.624	2.957	0.011	0.457	7.802
99723.678	43.021	40.961	45.001	42.123	0.010	33.486	34.649	2.957	0.011	-0.449	7.550
99723.879	43.045	41.078	44.279	41.816	0.010	33.501	34.616	2.956	0.011	2.494	8.378
99724.079	43.123	41.026	44.429	41.984	0.010	33.484	34.629	2.957	0.012	4.055	8.416
99724.334	43.151	40.988	44.238	42.004	0.010	33.482	34.631	2.957	0.012	4.686	7.961
99724.533	43.059	40.913	44.491	41.932	0.010	33.479	34.625	2.956	0.012	1.314	6.760
99724.734	43.020	41.052	44.796	42.008	0.010	33.491	34.637	2.956	0.011	0.425	7.857
99724.933	43.161	41.017	44.467	42.413	0.010	33.480	34.635	2.957	0.012	5.147	8.274
99725.133	43.003	41.092	44.704	41.997	0.010	33.472	34.630	2.956	0.011	1.225	7.742
99725.335	43.077	41.109	44.310	41.807	0.010	33.484	34.624	2.957	0.012	5.915	8.614
99725.535	43.089	40.949	44.382	41.787	0.010	33.479	34.608	2.957	0.012	4.556	7.824
99725.735	43.086	40.982	44.394	42.128	0.010	33.477	34.615	2.955	0.012	6.262	8.115
99725.935	43.039	40.917	44.290	42.129	0.010	33.481	34.621	2.957	0.012	0.683	7.040
99726.135	43.089	40.909	44.713	42.065	0.010	33.482	34.645	2.956	0.011	0.772	7.287
99726.335	43.090	40.941	44.004	42.150	0.010	33.483	34.631	2.958	0.012	0.166	7.232
99726.534	43.057	40.933	44.058	41.628	0.010	33.479	34.626	2.957	0.012	0.740	7.056
99726.735	43.010	41.075	44.354	41.709	0.010	33.486	34.637	2.957	0.011	2.203	8.449
99726.935	43.033	40.896	44.486	42.135	0.010	33.485	34.629	2.957	0.012	1.080	7.045
99727.136	43.122	40.983	44.402	42.039	0.010	33.488	34.620	2.956	0.012	2.519	7.704
99727.335	43.109	40.917	44.178	41.805	0.010	33.479	34.628	2.956	0.012	0.764	7.561
99727.536	42.993	41.012	44.429	42.081	0.010	33.481	34.637	2.956	0.011	-0.465	7.473
99727.737	43.039	41.112	44.493	41.856	0.010	33.490	34.632	2.956	0.012	4.136	8.389
99727.937	43.054	40.928	44.071	42.356	0.010	33.476	34.638	2.956	0.012	1.872	7.172
99728.136	43.042	40.939	44.053	41.949	0.010	33.486	34.633	2.956	0.012	-0.004	6.870
99728.337	43.075	41.071	43.809	41.407	0.010	33.474	34.625	2.955	0.012	4.087	8.192
99728.537	42.952	41.067	44.818	41.489	0.010	33.470	34.633	2.956	0.011	-0.052	8.219
99728.736	43.021	41.081	44.722	41.986	0.010	33.484	34.624	2.955	0.012	3.893	8.745
99728.937	43.051	41.006	44.448	42.305	0.010	33.485	34.623	2.955	0.012	4.944	8.449
99729.137	43.014	40.912	44.180	41.977	0.010	33.483	34.631	2.956	0.012	1.791	7.473
99729.338	43.064	40.923	44.243	42.354	0.010	33.467	34.619	2.955	0.012	2.163	7.599
99729.537	43.031	40.975	43.905	42.382	0.010	33.476	34.618	2.955	0.012	4.314	8.367
99729.738	42.950	41.033	44.629	42.133	0.010	33.480	34.628	2.955	0.011	3.966	8.630
99729.938	43.031	40.945	44.178	41.388	0.010	33.465	34.616	2.957	0.012	4.872	8.208
99730.139	42.976	40.881	44.233	42.211	0.010	33.469	34.632	2.958	0.011	-0.093	7.468
99730.340	42.932	41.050	44.537	42.136	0.010	33.481	34.635	2.955	0.011	3.950	8.268
99730.540	43.030	40.984	44.574	42.101	0.010	33.474	34.619	2.956	0.012	3.360	7.868
99730.740	43.009	41.040	44.707	42.165	0.010	33.476	34.632	2.954	0.011	4.419	8.466
99730.940	43.014	40.898	44.108	42.067	0.010	33.480	34.622	2.958	0.011	2.114	7.221
99731.141	42.989	41.094	44.059	41.655	0.010	33.476	34.632	2.954	0.011	4.112	8.691
99731.341	42.942	41.099	43.809	41.937	0.010	33.468	34.627	2.957	0.011	3.521	8.400
99731.541	43.039	40.901	43.820	41.565	0.010	33.472	34.625	2.957	0.012	3.036	7.742
99731.741	43.032	40.964	44.262	42.094	0.010	33.483	34.629	2.955	0.012	3.182	7.906
99731.940	42.935	41.023	44.647	42.473	0.010	33.484	34.621	2.956	0.011	0.222	7.813
99732.140	42.909	41.088	44.340	42.314	0.010	33.492	34.626	2.955	0.011	3.166	8.351
99732.340	42.918	41.001	44.156	42.285	0.010	33.487	34.635	2.955	0.011	-0.044	7.407
99732.540	42.922	41.011	44.336	41.807	0.010	33.484	34.634	2.956	0.011	-0.400	7.534
99732.740	42.931	41.000	44.815	42.298	0.010	33.479	34.635	2.957	0.011	-0.190	7.435
99732.940	43.011	41.006	44.105	42.023	0.010	33.477	34.622	2.956	0.011	3.675	8.109
99733.140	42.891	41.058	44.536	42.044	0.010	33.475	34.624	2.955	0.011	0.546	7.764
99733.340	42.906	40.974	44.436	42.255	0.010	33.476	34.627	2.956	0.011	0.594	7.040
99733.541	42.942	40.951	44.501	41.874	0.010	33.495	34.632	2.957	0.011	0.222	7.320
99733.742	43.041	40.968	43.587	41.976	0.010	33.482	34.626	2.957	0.011	3.562	7.786
99733.941	42.932	41.085	44.630	42.248	0.010	33.489	34.635	2.955	0.011	2.988	8.230
99734.142	43.048	40.966	44.077	42.305	0.010	33.479	34.623	2.956	0.012	3.546	7.232
99734.342	43.053	40.927	44.582	42.098	0.010	33.478	34.620	2.955	0.012	3.400	7.446
99734.543	43.007	41.088	44.161	41.637	0.010	33.469	34.636	2.956	0.011	5.664	8.806
99734.742	42.990	41.061	44.486	41.861	0.010	33.471	34.638	2.955	0.011	3.974	8.526
99734.942	42.955	41.076	44.511	42.257	0.010	33.467	34.634	2.955	0.011	3.942	8.532
99735.143	43.018	40.922	44.163	41.938	0.010	33.485	34.626	2.956	0.012	2.292	7.133
99735.344	42.914	41.080	44.684	42.078	0.010	33.472	34.631	2.955	0.011	3.594	8.274
99735.543	42.985	40.922	44.640	42.581	0.010	33.468	34.630	2.956	0.011	-0.707	7.210
99735.744	42.907	41.005	44.252	42.289	0.010	33.481	34.644	2.957	0.011	-0.570	7.714
99735.944	43.048	40.923	43.864	42.185	0.010	33.462	34.637	2.956	0.012	0.732	7.517
99736.144	42.919	41.031	44.905	42.287	0.010	33.489	34.629	2.957	0.011	0.101	8.071
99736.344	42.912	41.058	43.975	42.571	0.010	33.488	34.635	2.957	0.011	1.330	8.148
99736.543	43.030	40.927	44.162	42.209	0.010	33.461	34.633	2.956	0.012	2.519	7.462
99736.744	43.010	41.061	44.414	41.599	0.010	33.470	34.639	2.955	0.012	3.529	8.471
99736.943	42.963	40.932	44.096	42.514	0.010	33.481	34.634	2.956	0.011	-0.505	6.941
99737.144	42.963	40.928	44.022	42.497	0.010	33.465	34.628	2.957	0.011	0.627	6.897
99737.344	43.052	40.949	44.311	41.883	0.010	33.479	34.625	2.957	0.012	1.920	7.270
99737.544	43.081	41.006	44.316	41.972	0.010	33.472	34.622	2.955	0.012	2.244	7.841
99737.745	43.046	40.925	44.310	42.151	0.010	33.477	34.621	2.957	0.012	0.352	7.314
99737.945	43.045	40.933	44.183	42.206	0.010	33.469	34.627	2.956	0.012	1.168	7.347
99738.144	43.052	40.947	44.448	41.814	0.010	33.473	34.631	2.957	0.012	0.991	7.353
99738.344	42.984	40.987	44.401	42.117	0.010	33.466	34.628	2.956	0.011	0.578	7.078
99738.544	43.102	41.028	44.472	41.789	0.010	33.471	34.628	2.956	0.012	5.155	8.109
99738.746	43.030	40.923	44.236	41.572	0.010	33.466	34.627	2.956	0.012	-0.570	7.501
99738.945	43.001	40.970	44.455	42.148	0.010	33.474	34.632	2.957	0.011	-0.538	7.067
99739.146	43.091	40.996	44.375	41.799	0.010	33.471	34.640	2.956	0.011	4.395	8.181
99739.345	43.108	40.986	44.320	42.074	0.010	33.470	34.632	2.955	0.012	3.085	7.588
99739.546	43.097	40.943	43.808	42.437	0.010	33.476	34.626	2.956	0.012	0.611	7.287
99739.745	42.938	41.020	44.451	42.129	0.010	33.479	34.646	2.955	0.011	-0.335	7.698
99739.946	42.959	41.040	44.081	42.510	0.010	33.477	34.637	2.956	0.011	0.392	7.950
99740.146	43.022	41.082	43.531	42.217	0.010	33.480	34.630	2.955	0.011	3.238	8.872
99740.346	43.086	40.947	43.787	41.690	0.010	33.469	34.633	2.957	0.012	2.236	7.621
99740.547	43.010	41.027	44.657	42.129	0.010	33.483	34.654	2.955	0.012	-0.497	7.473
99740.747	43.041	41.136	44.105	41.596	0.010	33.493	34.639	2.955	0.011	2.834	8.351
99740.947	43.008	40.976	44.495	42.173	0.010	33.469	34.647	2.956	0.012	-0.651	7.490
99741.147	42.997	41.001	43.985	42.601	0.010	33.470	34.639	2.956	0.011	-0.141	7.572
99741.348	43.050	40.977	44.590	42.395	0.010	33.474	34.640	2.958	0.012	0.222	7.199
99741.547	43.011	40.936	44.069	42.422	0.010	33.476	34.630	2.957	0.011	0.425	7.194
99741.747	43.080	40.968	44.160	41.757	0.010	33.481	34.645	2.958	0.012	1.160	7.495
99741.948	43.093	40.961	44.726	42.055	0.010	33.470	34.627	2.958	0.011	1.055	7.007
99742.148	43.083	40.953	44.734	42.179	0.010	33.470	34.638	2.957	0.011	0.821	7.270
99742.348	42.987	41.086	44.722	42.454	0.010	33.481	34.626	2.956	0.011	0.530	7.736
99742.547	43.076	41.135	44.750	41.546	0.010	33.482	34.626	2.955	0.011	2.891	8.855
99742.747	43.139	40.937	44.300	41.700	0.010	33.464	34.635	2.956	0.012	2.139	7.627
99742.947	43.161	40.973	44.363	42.298	0.010	33.484	34.630	2.955	0.012	1.783	7.336
99743.147	43.012	41.030	44.708	41.897	0.010	33.474	34.642	2.956	0.011	-0.869	7.753
99743.347	43.154	41.003	44.070	42.001	0.010	33.478	34.638	2.957	0.012	1.823	7.775
99743.547	43.141	41.112	44.713	42.682	0.010	33.479	34.623	2.956	0.012	4.467	8.987
99743.748	43.136	40.967	43.764	42.449	0.010	33.473	34.627	2.956	0.012	0.756	7.758
99743.950	43.013	41.137	43.588	42.456	0.010	33.484	34.634	2.956	0.011	1.880	8.575
99744.149	43.125	40.995	44.100	41.597	0.010	33.464	34.640	2.956	0.012	3.683	8.076
99744.349	43.001	41.133	45.006	42.538	0.010	33.478	34.641	2.956	0.011	2.026	8.778
99744.550	43.044	40.922	44.422	42.706	0.010	33.478	34.637	2.956	0.012	0.449	7.314
99744.750	43.044	40.997	44.085	41.892	0.010	33.488	34.634	2.955	0.011	0.182	7.506
99744.949	42.990	41.081	44.487	42.417	0.010	33.485	34.636	2.956	0.011	-0.788	7.654
99745.150	43.097	41.108	44.403	41.691	0.010	33.487	34.623	2.954	0.011	3.837	8.877
99745.350	43.037	41.060	44.308	42.070	0.010	33.471	34.632	2.957	0.011	-1.298	7.298
99745.550	43.017	41.107	44.522	42.164	0.010	33.469	34.637	2.956	0.011	1.718	7.895
99745.749	43.089	40.966	44.678	42.351	0.010	33.475	34.639	2.955	0.011	1.071	7.051
99745.951	43.089	40.972	43.885	41.898	0.010	33.474	34.633	2.957	0.012	-0.546	7.237
99746.150	42.997	41.089	44.467	42.067	0.010	33.487	34.639	2.955	0.011	-0.279	7.654
99746.351	43.166	40.994	44.345	41.939	0.010	33.476	34.631	2.956	0.012	3.449	7.391
99746.550	43.032	40.949	44.366	42.487	0.010	33.467	34.633	2.956	0.011	-0.521	7.183
99746.750	43.015	41.110	44.385	41.959	0.010	33.478	34.636	2.955	0.011	1.565	8.170
99746.950	42.965	41.062	43.783	42.064	0.010	33.484	34.638	2.956	0.011	-0.020	7.704
99747.150	43.017	40.935	44.252	42.222	0.010	33.469	34.637	2.955	0.011	0.182	7.358
99747.350	43.032	40.974	44.203	42.309	0.010	33.484	34.639	2.956	0.011	-0.627	7.309
99747.550	42.987	41.013	44.075	42.122	0.010	33.481	34.631	2.956	0.011	0.311	8.148
99747.750	42.996	41.078	44.518	41.609	0.010	33.495	34.629	2.956	0.011	2.381	8.312
99747.950	43.027	40.999	44.253	42.282	0.010	33.486	34.635	2.956	0.011	-0.910	7.566
99748.152	43.087	41.096	44.614	41.803	0.010	33.483	34.625	2.955	0.012	3.877	8.685
99748.352	43.000	41.044	44.317	42.475	0.010	33.470	34.634	2.955	0.011	-1.209	8.060
99748.552	43.019	41.113	44.031	42.270	0.010	33.482	34.632	2.956	0.011	1.185	8.263
99748.753	42.979	41.037	44.409	42.555	0.010	33.494	34.635	2.957	0.011	-0.141	7.901
99748.953	43.085	40.935	44.278	42.209	0.010	33.477	34.624	2.956	0.012	1.257	7.391
99749.152	43.039	40.933	44.240	42.431	0.010	33.475	34.639	2.956	0.011	-0.061	7.369
99749.353	43.058	40.936	44.491	42.022	0.010	33.474	34.631	2.957	0.011	-0.813	7.089
99749.553	43.111	41.012	44.056	42.052	0.010	33.483	34.630	2.955	0.012	2.462	8.159
99749.752	43.106	41.008	44.365	41.699	0.010	33.475	34.638	2.957	0.012	3.044	8.192
99749.953	42.983	40.987	44.623	42.012	0.010	33.469	34.633	2.956	0.011	-0.885	7.150
99750.152	43.003	40.959	44.168	42.646	0.010	33.483	34.637	2.955	0.011	-0.610	7.396
99750.353	42.974	40.991	43.878	42.014	0.010	33.482	34.636	2.957	0.011	-1.330	7.402
99750.553	43.008	40.963	44.405	42.307	0.010	33.477	34.633	2.956	0.011	-0.247	7.243
99750.754	43.107	40.948	44.108	41.519	0.010	33.472	34.632	2.957	0.012	2.705	7.720
99750.953	43.061	41.070	44.589	42.029	0.010	33.472	34.632	2.955	0.011	4.249	8.312
99751.154	42.941	41.048	44.047	42.323	0.010	33.491	34.625	2.956	0.011	2.195	8.093
99751.353	42.956	40.943	44.651	41.749	0.010	33.490	34.636	2.956	0.011	-0.546	7.342
99751.554	43.050	40.970	43.999	42.132	0.010	33.481	34.640	2.956	0.011	5.341	8.175
99751.754	43.024	41.060	44.376	42.200	0.010	33.478	34.639	2.957	0.011	3.392	8.400
99751.954	43.073	40.951	43.688	41.479	0.010	33.478	34.623	2.956	0.012	3.004	7.874
99752.154	43.065	40.910	44.392	41.748	0.010	33.472	34.629	2.957	0.012	2.527	7.270
99752.354	42.930	40.900	44.070	42.083	0.010	33.487	34.633	2.955	0.011	-1.104	7.402
99752.554	43.099	40.946	44.774	41.878	0.010	33.473	34.624	2.957	0.012	1.734	7.248
99752.753	43.048	41.075	44.518	42.013	0.010	33.478	34.632	2.956	0.011	4.176	8.203
99752.953	42.993	41.096	44.186	41.658	0.010	33.478	34.628	2.956	0.011	2.874	8.581
99753.154	42.968	40.958	44.127	42.394	0.010	33.480	34.638	2.956	0.011	0.053	7.402
99753.353	43.074	40.920	44.166	41.934	0.010	33.476	34.635	2.957	0.011	1.136	7.270
99753.554	43.070	40.929	44.027	41.907	0.010	33.477	34.632	2.956	0.011	2.365	7.671
99753.754	43.002	41.100	44.273	41.922	0.010	33.479	34.637	2.955	0.011	3.384	8.773
99753.954	43.073	40.986	43.856	41.939	0.010	33.470	34.624	2.955	0.011	4.815	7.879
99754.154	43.046	41.041	44.047	42.157	0.010	33.474	34.633	2.956	0.011	4.686	8.351
99754.490	43.067	40.905	44.220	42.201	0.010	33.477	34.636	2.954	0.011	3.659	7.693
99754.690	42.992	40.937	44.164	42.146	0.010	33.476	34.639	2.955	0.011	0.699	7.605
99754.892	42.996	41.081	44.607	41.830	0.010	33.490	34.647	2.957	0.011	3.424	9.025
99755.093	42.974	40.943	44.589	41.878	0.010	33.477	34.639	2.957	0.011	-1.096	7.374
99755.293	43.071	40.948	44.454	41.894	0.010	33.470	34.636	2.957	0.012	2.325	7.605
99755.492	42.945	41.012	44.315	42.374	0.010	33.487	34.642	2.956	0.011	-0.125	7.912
99755.692	42.927	41.081	44.299	41.892	0.010	33.491	34.651	2.956	0.011	2.389	8.915
99755.893	42.915	41.039	44.808	41.646	0.010	33.475	34.643	2.957	0.011	1.298	8.367
99756.093	43.046	40.912	44.143	41.795	0.010	33.474	34.639	2.957	0.012	2.608	7.555
99756.293	43.018	40.939	44.497	42.165	0.010	33.477	34.651	2.956	0.011	0.004	7.435
99756.493	42.945	40.943	43.627	42.355	0.010	33.474	34.637	2.957	0.011	0.125	7.742
99756.693	43.051	40.933	43.808	42.580	0.010	33.478	34.642	2.955	0.011	1.953	7.841
99756.892	43.034	40.943	44.416	41.599	0.010	33.482	34.644	2.957	0.011	0.877	7.237
99757.093	43.032	41.021	44.660	42.187	0.010	33.479	34.635	2.957	0.011	3.780	8.356
99757.293	42.969	40.930	44.220	42.556	0.010	33.482	34.643	2.956	0.011	-0.627	7.347
99757.493	42.982	40.935	44.208	42.138	0.010	33.480	34.635	2.956	0.011	-0.990	7.265
99757.693	42.972	40.954	44.036	41.762	0.010	33.492	34.651	2.957	0.011	-2.203	7.100
99757.893	43.008	40.990	44.248	42.144	0.010	33.475	34.642	2.957	0.011	-0.061	7.155
99758.094	43.081	40.976	44.202	41.762	0.010	33.478	34.634	2.956	0.011	4.500	8.104
99758.295	42.951	40.971	44.355	42.097	0.010	33.488	34.634	2.957	0.011	-0.990	7.391
99758.495	42.932	41.012	44.528	42.023	0.010	33.480	34.643	2.957	0.011	-0.238	7.353
99758.695	42.968	41.090	44.628	41.909	0.010	33.487	34.638	2.956	0.011	1.516	8.564
99758.895	42.971	41.143	44.470	42.163	0.010	33.488	34.650	2.956	0.011	1.953	8.334
99759.096	42.943	41.035	44.149	42.218	0.010	33.491	34.645	2.957	0.011	-0.101	7.841
99759.295	42.950	41.059	43.962	42.498	0.010	33.498	34.639	2.957	0.011	-1.403	7.857
99759.496	43.056	40.984	43.843	42.105	0.010	33.475	34.625	2.957	0.011	2.228	7.967
99759.696	43.044	40.964	44.262	42.397	0.010	33.472	34.631	2.956	0.011	0.902	7.495
99759.896	43.045	40.953	44.253	42.369	0.010	33.472	34.633	2.957	0.011	1.225	7.440
99760.095	42.966	41.091	43.894	41.557	0.010	33.468	34.641	2.955	0.011	3.554	8.723
99760.295	43.026	40.952	43.997	41.757	0.010	33.475	34.636	2.957	0.011	0.974	7.676
99760.495	42.967	40.886	44.409	42.197	0.010	33.480	34.637	2.956	0.011	-1.209	7.210
99760.696	43.038	40.890	43.620	42.204	0.010	33.469	34.623	2.955	0.011	0.683	7.561
99760.896	42.932	41.108	44.122	42.295	0.010	33.481	34.639	2.956	0.011	2.325	8.373
99761.096	43.040	40.943	44.576	41.745	0.010	33.473	34.629	2.958	0.011	2.397	7.769
99761.296	42.920	41.089	44.480	41.716	0.010	33.477	34.642	2.956	0.011	0.247	8.241
99761.496	42.884	41.059	44.132	42.301	0.010	33.481	34.636	2.958	0.011	1.621	8.142
99761.696	42.977	40.975	44.015	42.346	0.010	33.479	34.640	2.957	0.011	-0.829	7.018
99761.895	42.930	41.130	44.495	42.243	0.010	33.487	34.648	2.957	0.011	0.578	8.181
99762.097	43.057	40.960	43.875	42.378	0.010	33.471	34.639	2.956	0.011	1.128	7.539
99762.297	42.938	41.018	44.278	42.450	0.010	33.473	34.632	2.956	0.011	-1.176	7.051
99762.498	43.059	41.088	44.521	41.918	0.010	33.491	34.641	2.957	0.011	4.128	8.740
99762.697	42.935	41.122	44.717	42.515	0.010	33.481	34.624	2.956	0.011	0.174	8.318
99762.898	43.047	41.005	43.795	42.207	0.010	33.478	34.633	2.956	0.012	3.820	8.093
99763.097	42.985	40.962	44.289	42.048	0.010	33.474	34.639	2.955	0.011	-0.562	7.254
99763.298	42.901	41.113	44.279	41.356	0.010	33.469	34.643	2.955	0.011	1.265	8.773
99763.498	43.011	41.074	44.670	42.057	0.010	33.478	34.631	2.955	0.012	3.643	8.751
99763.697	42.961	41.125	43.742	42.001	0.010	33.486	34.648	2.955	0.011	3.893	8.828
99763.897	42.997	41.012	44.058	41.421	0.010	33.469	34.628	2.955	0.011	4.669	8.471
99764.098	42.892	40.941	44.247	42.323	0.010	33.490	34.632	2.956	0.011	0.918	7.418
99764.298	42.877	41.088	44.308	42.249	0.010	33.483	34.625	2.955	0.011	2.883	8.592
99764.497	42.988	41.098	44.652	42.123	0.010	33.485	34.642	2.955	0.011	5.640	8.899
99764.698	42.894	40.997	44.102	41.796	0.010	33.470	34.641	2.955	0.011	1.104	7.967
99764.898	42.907	40.924	44.524	42.263	0.010	33.483	34.632	2.955	0.011	0.934	7.391
99765.098	42.819	41.031	44.279	41.796	0.010	33.471	34.633	2.957	0.011	0.142	8.241
99765.298	42.947	41.083	44.271	41.527	0.010	33.483	34.637	2.955	0.011	4.855	8.702
99765.498	43.002	40.903	44.239	42.087	0.010	33.474	34.631	2.955	0.012	2.923	7.687
99765.697	42.870	40.946	44.178	41.952	0.010	33.486	34.630	2.955	0.011	0.643	7.731
99765.897	42.985	41.103	44.244	41.892	0.010	33.478	34.627	2.955	0.011	4.500	8.663
99766.098	43.018	40.947	43.965	41.778	0.010	33.491	34.626	2.956	0.011	1.896	7.577
99766.298	42.948	41.043	44.225	42.079	0.010	33.486	34.623	2.956	0.012	5.017	8.685
99766.498	42.877	40.984	43.994	41.785	0.010	33.474	34.646	2.955	0.012	0.643	7.747
99766.698	42.845	41.009	44.406	41.881	0.010	33.491	34.639	2.956	0.011	-0.012	7.923
99766.897	42.822	41.056	44.406	42.188	0.010	33.484	34.629	2.956	0.011	1.031	8.323
99767.097	42.962	40.932	43.865	41.810	0.010	33.482	34.627	2.956	0.012	4.095	7.824
99767.297	42.957	41.069	43.547	41.823	0.010	33.472	34.634	2.955	0.012	4.257	8.767
99767.498	42.891	40.941	44.482	41.985	0.010	33.486	34.633	2.957	0.012	1.532	7.407
99767.697	42.852	41.029	44.221	42.198	0.010	33.494	34.643	2.956	0.011	1.274	8.279
99767.898	42.902	40.901	44.259	41.724	0.010	33.473	34.645	2.956	0.011	0.788	6.826
99768.098	42.914	41.060	44.259	42.225	0.010	33.471	34.635	2.957	0.011	4.160	8.965
99768.298	42.885	40.946	44.006	41.949	0.010	33.484	34.636	2.956	0.011	0.837	7.736
99768.497	42.792	41.064	44.562	41.981	0.010	33.483	34.647	2.956	0.011	1.734	8.504
99768.698	42.914	41.069	44.099	41.982	0.010	33.482	34.635	2.955	0.011	4.896	8.992
99768.897	42.869	40.885	43.919	42.310	0.010	33.497	34.641	2.957	0.011	-0.538	7.391
99769.099	42.952	41.017	44.077	42.046	0.010	33.486	34.616	2.957	0.011	4.718	8.389
99769.299	42.953	40.893	44.097	42.448	0.010	33.474	34.642	2.957	0.012	3.206	7.989
99769.498	42.922	41.084	44.329	42.346	0.010	33.485	34.631	2.956	0.011	4.572	8.970
99769.699	42.982	40.948	43.948	41.674	0.010	33.471	34.639	2.957	0.012	3.077	8.049
99769.898	43.013	40.968	43.996	41.988	0.010	33.470	34.642	2.956	0.012	3.812	7.819
99770.099	42.996	40.971	44.577	41.884	0.010	33.471	34.647	2.955	0.012	2.769	8.153
99770.299	42.874	41.019	44.202	42.259	0.010	33.482	34.642	2.957	0.011	0.214	8.054
99770.498	42.855	41.062	43.826	42.095	0.010	33.488	34.632	2.956	0.012	1.629	8.559
99770.699	42.973	41.025	43.767	41.804	0.010	33.482	34.633	2.957	0.012	4.289	8.510
99770.898	42.879	41.075	43.944	42.223	0.010	33.489	34.644	2.956	0.011	0.643	8.389
99771.099	42.889	40.963	44.153	41.515	0.010	33.489	34.644	2.958	0.011	0.594	7.599
99771.300	42.888	41.018	43.899	41.802	0.010	33.485	34.641	2.956	0.011	-0.028	7.506
99771.499	42.914	41.061	44.278	42.239	0.010	33.501	34.629	2.955	0.011	2.955	8.586
99771.700	42.860	41.081	44.720	42.249	0.010	33.492	34.641	2.957	0.011	1.573	8.647
99771.900	42.880	41.103	44.341	41.249	0.010	33.489	34.640	2.956	0.011	2.503	8.422
99772.100	42.916	40.954	44.041	42.098	0.010	33.484	34.636	2.956	0.012	-0.238	7.446
99772.299	42.994	41.079	43.825	42.413	0.010	33.478	34.636	2.956	0.011	5.001	8.521
99772.499	42.984	40.948	44.324	42.470	0.010	33.486	34.638	2.958	0.012	1.548	7.566
99772.700	42.909	40.958	44.117	41.783	0.010	33.487	34.644	2.957	0.011	0.837	7.594
99772.900	42.917	40.975	44.495	42.034	0.010	33.484	34.634	2.956	0.011	-0.627	7.424
99773.100	42.941	41.080	44.629	42.364	0.010	33.485	34.631	2.956	0.011	4.467	8.740
99773.300	43.018	40.975	43.993	42.249	0.010	33.488	34.643	2.957	0.012	2.583	7.830
99773.500	43.041	41.003	43.937	42.048	0.010	33.477	34.632	2.957	0.012	4.378	8.181
99773.700	42.982	41.125	43.762	42.260	0.010	33.483	34.629	2.959	0.012	4.006	8.789
99773.900	43.012	40.923	43.855	42.058	0.010	33.486	34.644	2.958	0.012	2.139	7.791
99774.100	43.033	40.999	44.047	42.210	0.010	33.492	34.635	2.957	0.012	5.729	8.477
99774.300	43.062	41.000	44.080	41.852	0.010	33.486	34.625	2.957	0.012	3.796	8.192
99774.500	43.012	41.071	44.129	41.525	0.010	33.491	34.634	2.957	0.012	5.155	8.696
99774.701	42.957	40.940	44.030	42.144	0.010	33.490	34.642	2.958	0.011	0.368	7.369
99774.900	43.040	41.024	43.736	41.812	0.010	33.479	34.626	2.957	0.012	5.421	8.460
99775.102	42.960	41.109	44.253	42.091	0.010	33.492	34.639	2.958	0.012	4.435	8.663
99775.301	42.901	41.063	44.172	42.090	0.010	33.482	34.643	2.956	0.011	1.346	8.362
99775.501	43.003	41.072	44.078	41.780	0.010	33.491	34.635	2.955	0.011	4.168	9.085
99775.702	42.963	41.026	44.259	42.174	0.010	33.492	34.643	2.957	0.012	1.694	7.802
99775.902	43.004	41.088	44.520	41.715	0.010	33.488	34.629	2.956	0.012	6.149	8.959
99776.102	43.095	40.934	44.271	41.696	0.010	33.491	34.646	2.956	0.012	4.322	7.890
99776.302	43.032	40.956	43.587	42.070	0.010	33.487	34.631	2.956	0.012	2.341	7.566
99776.501	43.087	41.034	44.320	42.090	0.010	33.480	34.625	2.956	0.012	5.341	8.488
99776.702	43.102	40.982	44.375	42.489	0.010	33.484	34.636	2.955	0.012	2.891	8.038
99776.901	42.950	41.116	44.749	42.171	0.010	33.487	34.652	2.956	0.011	2.761	8.186
99777.102	43.019	40.965	44.384	42.697	0.010	33.486	34.640	2.957	0.011	2.575	7.676
99777.302	42.957	41.055	44.068	42.055	0.010	33.495	34.644	2.956	0.011	0.845	8.027
99777.501	42.933	41.068	44.734	42.387	0.010	33.488	34.641	2.956	0.011	2.446	8.334
99777.701	42.991	40.987	43.938	41.730	0.010	33.492	34.642	2.956	0.011	2.786	7.758
99777.901	42.972	41.057	44.050	42.578	0.010	33.490	34.632	2.955	0.011	2.236	8.208
99778.102	42.990	40.956	44.152	42.391	0.010	33.491	34.632	2.957	0.011	1.993	7.528
99778.302	43.016	41.112	44.356	42.121	0.010	33.485	34.619	2.955	0.011	5.252	9.151
99778.503	42.994	40.985	44.342	41.463	0.010	33.484	34.624	2.956	0.011	1.565	7.654
99778.702	42.969	41.064	44.355	42.886	0.010	33.486	34.639	2.956	0.011	1.710	8.674
99778.903	42.991	41.104	44.931	42.015	0.010	33.483	34.634	2.956	0.012	6.173	9.162
99779.103	42.985	40.987	44.252	42.042	0.010	33.485	34.639	2.956	0.011	0.150	7.561
99779.303	43.085	41.080	44.417	42.505	0.010	33.474	34.632	2.956	0.011	5.656	8.937
99779.503	43.065	41.082	44.117	41.870	0.010	33.464	34.633	2.955	0.012	5.890	8.526
99779.703	42.963	40.983	44.226	42.204	0.010	33.487	34.637	2.956	0.011	0.045	7.462
99779.903	43.069	40.982	43.679	42.366	0.010	33.486	34.636	2.955	0.012	5.575	8.422
99780.103	43.084	40.946	43.835	41.789	0.010	33.482	34.649	2.955	0.012	3.465	7.972
99780.303	43.028	40.938	44.390	41.999	0.010	33.484	34.647	2.957	0.012	1.702	7.835
99780.503	42.940	41.047	44.302	42.368	0.010	33.487	34.635	2.955	0.011	0.093	8.378
99780.704	43.023	41.072	44.276	41.686	0.010	33.482	34.632	2.956	0.012	5.300	9.063
99780.903	42.987	40.904	44.484	42.097	0.010	33.493	34.640	2.955	0.012	0.239	7.534
99781.104	42.919	41.051	44.438	42.104	0.010	33.497	34.646	2.955	0.011	0.586	8.521
99781.304	42.930	40.974	44.615	42.032	0.010	33.494	34.633	2.957	0.011	0.651	7.972
99781.504	42.942	41.094	44.383	41.660	0.010	33.484	34.645	2.955	0.011	2.737	8.685
99781.703	43.036	41.076	44.366	41.832	0.010	33.478	34.624	2.955	0.011	4.572	8.740
99781.904	42.975	41.080	44.692	41.853	0.010	33.501	34.637	2.954	0.011	2.139	8.553
99782.103	43.106	40.966	44.305	41.511	0.010	33.493	34.624	2.954	0.012	4.241	8.224
99782.303	42.960	41.079	43.666	41.719	0.010	33.499	34.644	2.956	0.011	3.424	8.965
99782.503	43.062	41.075	44.131	41.375	0.010	33.489	34.629	2.954	0.011	5.866	8.800
99782.703	42.943	41.031	44.141	42.547	0.010	33.499	34.635	2.955	0.011	1.508	8.422
99782.903	42.988	40.955	44.331	42.208	0.010	33.492	34.638	2.958	0.011	0.538	7.808
99783.104	42.994	41.075	44.095	42.155	0.010	33.499	34.626	2.956	0.011	3.651	8.904
99783.303	43.063	40.971	43.945	42.050	0.010	33.491	34.633	2.956	0.011	4.273	8.153
99783.504	42.938	41.067	44.476	42.225	0.010	33.491	34.639	2.956	0.011	0.999	7.939
99783.705	42.955	41.108	44.329	41.749	0.010	33.500	34.635	2.955	0.011	2.422	8.751
99783.904	42.978	41.109	44.525	42.216	0.010	33.492	34.635	2.955	0.011	3.489	8.510
99784.105	43.064	41.007	44.085	41.381	0.010	33.498	34.623	2.954	0.012	4.985	8.438
99784.305	42.922	41.030	44.592	42.466	0.010	33.486	34.644	2.955	0.011	0.319	8.022
99784.505	42.948	41.019	44.307	42.049	0.010	33.487	34.629	2.956	0.011	0.926	7.994
99784.705	42.974	41.079	44.412	42.147	0.010	33.498	34.620	2.955	0.011	5.284	8.685
99784.904	42.943	41.120	44.546	41.974	0.010	33.487	34.635	2.955	0.011	5.915	9.042
99785.104	42.998	40.903	44.132	41.920	0.010	33.481	34.624	2.955	0.011	2.834	7.731
99785.304	42.999	40.902	44.506	41.707	0.010	33.481	34.639	2.957	0.011	2.915	7.819
99785.514	42.946	41.054	44.541	41.761	0.010	33.483	34.629	2.954	0.011	6.004	8.625
99785.715	42.878	41.061	44.631	42.209	0.010	33.496	34.641	2.954	0.011	4.855	8.702
99785.914	42.885	41.054	44.531	42.662	0.010	33.491	34.636	2.956	0.011	3.861	8.356
99786.115	42.967	40.867	43.918	41.806	0.010	33.473	34.639	2.955	0.011	3.942	7.945
99786.315	42.972	41.051	44.229	41.941	0.010	33.500	34.630	2.956	0.011	6.893	9.031
99786.515	43.008	41.080	44.338	42.029	0.010	33.492	34.638	2.957	0.011	5.632	9.063
99786.715	42.924	41.083	44.067	42.015	0.010	33.494	34.635	2.956	0.011	4.791	8.762
99786.915	42.988	40.890	44.050	42.263	0.010	33.487	34.633	2.956	0.011	2.341	7.868
99787.114	42.955	41.096	44.296	41.475	0.010	33.489	34.648	2.957	0.011	5.066	9.140
99787.314	42.893	40.934	44.461	41.928	0.010	33.500	34.640	2.957	0.011	2.705	7.824
99787.515	42.960	41.071	44.210	42.327	0.010	33.498	34.632	2.955	0.011	5.058	8.872
99787.715	42.991	40.953	44.207	41.830	0.010	33.471	34.630	2.956	0.011	4.936	8.455
99787.915	42.995	40.934	44.035	42.366	0.010	33.480	34.637	2.955	0.011	0.902	7.577
99788.115	43.045	40.950	44.093	41.663	0.010	33.488	34.629	2.956	0.011	2.236	7.989
99788.315	42.995	41.040	43.967	42.016	0.010	33.491	34.638	2.954	0.011	5.203	9.074
99788.514	42.938	41.067	44.054	41.634	0.010	33.489	34.648	2.956	0.011	3.788	8.734
99788.714	42.956	40.959	44.773	42.109	0.010	33.475	34.649	2.956	0.011	1.985	7.764
99788.915	42.916	41.040	44.401	41.986	0.010	33.489	34.653	2.956	0.011	2.228	8.526
99789.114	42.937	41.102	44.220	42.537	0.010	33.491	34.643	2.957	0.011	4.338	8.806
99789.315	43.079	41.044	44.174	41.608	0.010	33.492	34.649	2.956	0.012	6.861	8.828
99789.514	42.962	41.081	44.414	42.320	0.010	33.490	34.636	2.956	0.011	5.090	9.157
99789.715	42.915	41.032	44.346	42.126	0.010	33.483	34.642	2.955	0.011	1.435	8.570
99789.915	43.044	41.027	44.113	41.573	0.010	33.492	34.642	2.955	0.011	5.009	8.537
99790.114	42.904	41.018	43.991	41.682	0.010	33.494	34.647	2.955	0.011	1.354	8.219
99790.315	42.916	40.940	44.153	41.854	0.010	33.486	34.643	2.956	0.011	-0.141	7.594
99790.515	43.000	41.065	43.978	41.951	0.010	33.492	34.638	2.956	0.011	5.850	8.762
99790.715	43.025	40.934	44.104	41.634	0.010	33.473	34.640	2.955	0.011	4.338	7.599
99790.915	42.956	40.920	44.581	42.134	0.010	33.479	34.641	2.956	0.011	1.241	7.413
99791.114	43.019	41.045	44.235	41.541	0.010	33.490	34.631	2.954	0.011	5.316	8.636
99791.315	42.982	41.076	44.029	41.640	0.010	33.494	34.634	2.956	0.011	5.195	9.140
99791.515	43.048	40.991	43.899	41.875	0.010	33.478	34.628	2.956	0.012	6.093	8.444
99791.714	42.953	40.884	44.458	41.778	0.010	33.492	34.639	2.956	0.011	0.877	7.215
99791.916	43.025	40.976	44.056	41.392	0.010	33.493	34.635	2.954	0.011	6.432	8.564
99792.116	42.898	41.020	43.722	41.860	0.010	33.489	34.636	2.955	0.011	1.371	8.279
99792.316	42.908	40.975	44.275	41.910	0.010	33.479	34.649	2.955	0.011	0.910	7.643
99792.516	43.001	41.002	43.888	41.626	0.010	33.482	34.651	2.956	0.011	5.567	8.543
99792.715	42.983	41.058	44.430	41.739	0.010	33.493	34.635	2.954	0.011	4.484	8.778
99792.916	42.993	41.084	44.344	41.841	0.010	33.496	34.647	2.954	0.011	4.095	9.080
99793.117	43.022	41.112	44.181	42.140	0.010	33.487	34.640	2.954	0.011	5.648	9.058
99793.316	43.016	40.946	44.579	41.838	0.010	33.467	34.637	2.954	0.011	0.497	7.446
99793.517	42.996	40.931	44.173	42.220	0.010	33.478	34.634	2.954	0.011	0.602	7.440
99793.717	43.057	41.017	43.959	41.020	0.010	33.480	34.628	2.955	0.011	5.332	8.696
99793.918	42.939	41.098	44.025	42.125	0.010	33.496	34.636	2.955	0.011	2.074	8.493
99794.118	42.963	41.083	44.296	42.362	0.010	33.487	34.637	2.955	0.011	4.362	8.630
99794.318	43.028	40.951	43.739	42.211	0.010	33.489	34.628	2.956	0.011	1.654	7.402
99794.518	42.924	41.063	44.180	42.461	0.010	33.486	34.640	2.954	0.011	1.670	7.928
99794.718	43.058	40.963	44.006	42.091	0.010	33.469	34.627	2.956	0.012	0.239	7.572
99794.918	43.033	41.079	44.478	41.728	0.010	33.489	34.629	2.954	0.012	4.451	8.981
99795.118	43.046	40.974	44.242	41.697	0.010	33.486	34.634	2.955	0.012	2.325	7.632
99795.318	42.939	41.113	44.305	42.132	0.010	33.506	34.622	2.954	0.011	1.896	8.400
99795.517	42.911	41.051	44.068	42.094	0.010	33.495	34.624	2.956	0.011	1.831	8.285
99795.718	43.059	41.013	44.557	42.233	0.010	33.491	34.630	2.954	0.012	4.621	8.729
99796.001	43.058	40.911	43.744	41.662	0.010	33.481	34.628	2.955	0.012	2.066	7.714
99796.201	42.999	41.017	44.438	41.819	0.010	33.490	34.643	2.955	0.012	4.249	8.658
99796.401	42.950	41.080	44.629	41.957	0.010	33.480	34.643	2.954	0.011	2.680	9.014
99796.600	43.003	40.909	43.774	42.055	0.010	33.485	34.632	2.955	0.012	0.530	7.534
99796.801	43.006	40.946	43.746	41.777	0.010	33.482	34.660	2.955	0.012	1.775	7.649
99797.001	43.038	40.940	44.131	41.835	0.010	33.489	34.626	2.955	0.012	2.802	8.016
99797.200	43.037	40.788	44.218	41.976	-0.015	33.530	34.712	2.955	0.011	4.201	8.970
99797.400	42.853	41.160	44.134	42.240	-0.019	33.538	34.715	2.957	0.011	116.573	8.460
99797.601	42.853	41.253	43.994	42.055	-0.029	33.543	34.701	2.959	0.011	115.409	8.488
99797.800	43.301	41.206	44.689	42.670	-0.022	33.552	34.727	2.958	0.012	115.441	7.281
99798.002	42.600	41.141	44.449	42.286	-0.013	33.593	34.757	2.962	0.011	441.538	8.669
99798.202	42.889	40.776	43.998	42.428	-0.009	33.630	34.806	2.967	0.011	442.032	8.153
99798.403	42.330	40.569	42.715	41.972	-0.002	33.713	34.868	2.977	0.011	587.975	6.864
99798.602	42.597	40.760	43.672	41.875	0.001	33.784	34.929	2.982	0.011	1045.802	6.530
99798.802	42.150	41.452	43.416	42.211	0.005	33.873	35.000	2.990	0.011	1044.840	7.605
99799.003	42.180	40.906	43.775	41.688	0.004	33.929	35.059	2.988	0.011	1736.782	7.665
99799.204	42.608	42.210	45.000	41.886	0.004	34.036	35.146	2.996	0.011	1859.181	6.618
99799.404	41.909	40.013	43.424	41.701	0.004	34.100	35.240	2.997	0.011	1858.405	6.771
99799.605	42.095	40.741	44.864	42.508	0.004	34.203	35.330	2.997	0.011	2815.488	8.126
99799.805	42.279	41.499	44.839	42.225	0.005	34.312	35.440	3.015	0.011	2812.683	6.064
99800.004	41.991	41.714	44.896	42.307	0.002	34.417	35.523	3.017	0.011	3052.572	6.985
99800.204	41.670	37.929	44.530	41.818	0.006	34.526	35.636	3.037	0.011	3847.128	7.073
99800.404	41.734	40.481	42.840	42.328	0.004	34.641	35.751	3.039	0.011	3848.074	7.895
99800.753	41.982	41.094	44.409	42.343	0.001	34.861	35.934	3.052	0.012	4918.896	6.859
99800.953	42.353	39.673	44.315	42.700	0.002	34.966	36.067	3.066	0.011	4915.921	6.409
99801.154	42.246	41.597	44.179	42.637	0.002	35.095	36.172	3.075	0.012	5986.477	6.832
99801.354	42.799	42.359	46.394	44.398	-0.001	35.197	36.285	3.064	0.011	5989.169	7.100
99801.555	43.282	43.252	44.501	43.982	-0.001	35.311	36.399	3.114	0.011	6001.855	6.969
99801.755	42.319	41.746	45.147	43.743	0.003	35.429	36.518	3.104	0.011	7036.495	7.550
99801.956	43.509	42.885	-7427.979	44.645	-0.001	35.545	36.622	3.125	0.011	7034.239	6.886
99802.156	41.944	41.448	46.531	43.519	-0.003	35.640	36.718	3.136	0.011	7742.967	6.684
99802.356	42.037	41.497	45.780	43.217	-0.002	35.756	36.837	3.115	0.011	8017.026	7.440
99802.556	42.663	42.981	45.933	44.501	-0.003	35.867	36.931	3.125	0.011	8018.765	7.204
99802.756	43.581	45.850	47.240	45.966	-0.004	35.968	36.957	3.113	0.012	8939.738	7.051
99802.956	42.210	42.783	45.132	44.242	-0.001	36.058	37.119	3.124	0.011	8948.535	7.654
99803.156	42.785	43.484	40.374	45.297	-0.001	36.135	37.218	3.131	0.011	9054.261	7.506
99803.355	42.883	44.232	47.033	45.377	0.001	36.168	37.291	3.142	0.011	9784.408	6.744
99803.556	42.446	43.766	46.300	43.941	-0.001	36.237	37.366	3.154	0.011	9797.911	7.320
99803.755	44.244	44.514	46.655	47.049	-0.002	36.370	37.385	3.136	0.011	10444.842	7.117
99803.956	45.478	48.749	48.802	50.205	0.001	36.445	37.470	3.159	37.956	10538.092	6.355
99804.155	40.253	48.095	21.258	45.781	-0.002	36.418	37.554	3.156	37.734	10541.221	8.756
99804.356	44.570	37.921	31.278	47.112	-0.000	36.536	37.629	3.156	37.959	11219.839	8.170
99804.556	46.655	43.609	50.160	46.800	-0.001	36.614	37.663	3.145	37.793	11242.123	6.919
99804.755	41.357	43.092	45.875	44.433	0.002	36.639	37.730	3.160	38.002	11462.364	7.407
99804.956	44.863	-0.369	50.371	44.870	0.004	36.678	37.775	3.163	37.918	11859.234	7.802
99805.156	41.767	44.072	45.970	44.691	0.001	36.759	37.816	3.160	38.010	11860.043	7.281
99805.356	39.756	41.575	44.958	42.929	0.005	36.812	37.829	3.178	38.130	12368.986	6.991
99805.555	39.058	41.080	42.893	42.444	0.003	37.507	38.626	3.331	38.162	12374.064	6.963
99805.755	38.925	42.129	43.393	42.171	-0.004	38.354	39.378	3.365	38.170	12373.837	7.276
99805.956	38.453	41.088	51.764	42.837	-0.015	38.749	39.792	3.390	38.171	12849.331	7.994
99806.156	38.669	41.071	62.313	44.359	-0.011	39.253	40.217	3.425	38.170	12845.967	8.641
99806.356	38.663	39.505	79.089	46.232	-0.005	39.748	40.659	3.452	38.170	13254.238	8.811
99806.556	38.613	40.044	96.933	48.261	-0.011	40.081	41.015	3.505	38.169	13509.732	10.045
99806.757	38.461	39.255	120.897	49.750	0.007	40.680	41.528	3.538	38.170	13511.009	10.160
99806.957	38.623	41.102	145.344	51.591	-0.011	41.297	42.014	3.632	38.159	14367.873	10.451
99807.158	38.475	39.791	169.608	53.396	0.022	41.746	42.507	3.690	38.170	14367.913	9.930
99807.358	39.095	41.224	195.230	56.741	0.003	42.178	43.060	3.718	33.361	14511.253	9.365
99807.558	38.649	40.808	219.080	59.022	-0.002	42.535	43.578	3.750	29.849	15399.076	10.204
99807.757	38.692	41.579	242.933	61.325	-0.005	43.121	44.145	3.870	29.846	15394.621	9.436
99807.957	40.737	43.694	265.843	66.031	-0.011	43.625	44.564	3.960	29.753	16389.544	9.886
99808.157	38.560	40.081	287.127	66.857	-0.006	44.257	45.273	4.028	29.834	16554.392	10.018
99808.359	39.021	41.186	307.731	69.400	-0.005	44.845	45.961	4.120	29.834	16551.020	10.067
99808.559	38.361	40.351	329.231	71.849	-0.005	45.812	46.870	4.258	29.812	17822.073	10.692
99808.758	38.590	40.485	344.658	74.848	-0.006	46.781	47.878	4.409	29.810	17821.814	11.350
99808.959	38.391	40.642	359.763	78.377	-0.010	47.864	48.912	4.549	29.809	18291.300	11.553
99809.159	38.392	40.400	372.772	82.724	-0.018	48.841	49.928	4.712	-0.202	19240.160	12.321
99809.359	38.204	40.331	382.889	86.787	-0.015	50.068	51.172	4.879	-0.208	19235.834	11.712
99809.558	38.304	40.705	390.685	91.739	-0.015	51.052	52.155	5.014	-0.209	20847.117	12.601
99809.758	38.356	39.804	395.394	96.168	-0.016	52.504	53.617	5.143	-0.210	20860.822	14.098
99809.958	38.523	41.116	400.027	101.248	-0.016	53.761	54.814	5.320	-0.210	20861.364	13.900
99810.158	38.517	41.958	404.282	106.191	-0.012	55.096	56.103	5.481	-0.210	22647.836	15.024
99810.359	38.476	39.668	407.814	111.428	-0.012	56.567	57.597	5.695	28.428	22647.214	16.445
99810.559	38.499	40.459	408.677	116.024	-0.003	58.172	59.178	5.927	38.165	23828.500	16.483
99810.759	38.659	40.388	410.158	121.474	-0.016	59.963	61.014	6.186	38.167	24594.030	18.583
99810.959	38.598	41.077	411.636	125.543	-0.013	61.874	62.914	6.452	38.169	24600.991	18.781
99811.161	38.726	42.002	411.365	131.294	-0.010	63.844	64.828	6.605	38.169	26673.036	18.161
99811.361	38.577	40.520	411.838	136.088	-0.021	65.438	66.453	6.765	38.169	26676.351	18.485
99811.560	38.695	42.949	411.646	140.344	-0.012	67.817	68.712	7.032	38.170	27036.076	19.422
99811.761	38.842	42.401	410.373	145.798	-0.014	70.080	71.107	7.299	38.170	28910.146	19.839
99811.962	38.931	43.618	408.473	150.390	-0.018	72.679	73.583	7.600	34.918	28917.092	20.892
99812.161	38.559	42.234	410.647	154.635	-0.018	75.000	75.975	7.883	17.433	31122.127	21.331
99812.362	38.925	43.902	406.573	159.038	-0.016	77.784	78.615	8.134	17.429	31299.111	22.543
99812.562	38.743	42.900	407.507	164.627	-0.021	80.335	81.203	8.520	28.390	31301.513	24.440
99812.762	39.002	42.906	407.883	168.295	-0.022	82.850	83.682	8.807	31.931	33827.381	23.787
99812.963	39.075	43.033	408.557	172.436	-0.015	85.443	86.235	9.106	31.932	33827.850	25.219
99813.162	39.104	42.708	410.276	176.082	-0.016	87.698	88.570	9.313	27.358	34965.977	26.908
99813.363	38.608	43.730	409.994	180.267	-0.030	89.548	90.371	9.504	27.349	36418.404	26.261
99813.563	39.006	43.275	407.979	183.276	-0.032	91.419	92.237	9.784	27.343	36421.290	27.621
99813.763	39.479	44.159	411.306	186.723	-0.031	92.796	93.559	9.944	17.205	38950.013	27.467
99813.963	43.650	44.390	409.711	188.959	-0.023	93.910	94.647	9.888	17.184	38957.282	28.931
99814.162	39.040	46.704	408.977	192.537	-0.025	95.042	95.693	10.027	15.704	38983.601	27.407
99814.364	41.874	47.292	408.101	195.543	-0.019	95.859	96.480	10.097	14.088	41290.125	29.836
99814.563	39.183	48.392	409.524	196.012	-0.024	96.864	97.476	10.168	14.137	41288.516	27.478
99814.764	39.257	49.688	404.935	197.911	-0.021	97.436	98.007	10.046	13.482	42737.822	26.853
99814.963	40.543	48.405	406.765	199.923	-0.017	97.954	98.473	9.965	13.465	43304.868	30.247
99815.164	40.784	49.898	410.123	203.228	-0.028	98.258	98.782	10.076	13.488	43301.383	28.619
99815.365	37.040	48.105	406.308	201.282	-0.023	96.858	97.315	9.545	11.830	44998.478	29.238
99815.566	36.991	48.586	405.537	201.686	-0.022	94.375	94.850	8.886	11.829	45007.356	29.024
99815.766	36.740	49.231	406.660	203.270	-0.019	92.756	93.393	8.628	11.912	45418.933	29.112
99815.966	36.687	49.687	409.279	203.670	-0.020	91.623	92.205	8.720	12.018	46207.450	28.070
99816.165	36.531	50.223	412.742	205.023	-0.028	90.609	91.173	8.652	12.017	46203.027	27.988
99816.365	36.453	50.804	416.940	206.157	-0.028	89.429	90.056	8.401	12.315	46761.518	26.930
99816.567	36.352	51.401	421.321	206.475	-0.033	88.329	88.883	8.379	12.320	46768.900	27.220
99816.767	36.248	51.908	425.196	206.898	-0.034	87.567	88.113	8.318	12.320	46769.022	26.535
99816.968	36.115	52.387	429.486	208.519	-0.031	86.721	87.275	8.206	12.282	46913.073	26.595
99817.168	36.010	52.999	434.000	209.471	-0.019	85.874	86.426	8.179	12.282	46916.106	27.281
99817.368	35.933	53.367	438.193	209.532	-0.026	85.215	85.842	8.282	12.350	46843.635	26.485
99817.569	35.963	53.905	441.641	209.813	-0.032	84.633	85.216	8.144	12.585	46802.730	26.666
99817.769	35.769	54.270	445.091	211.192	-0.025	83.950	84.648	8.015	12.585	46795.340	26.058
99817.969	35.696	54.846	448.408	212.304	-0.030	83.465	84.123	7.865	12.486	46536.676	26.705
99818.170	35.614	55.218	452.132	212.424	-0.027	82.891	83.569	7.911	12.471	46539.951	26.880
99818.369	35.628	55.645	455.589	213.127	-0.032	82.543	83.188	7.811	12.472	46491.389	26.930
99818.569	35.460	55.857	459.327	214.354	-0.021	82.036	82.675	7.774	12.661	46191.796	25.147
99818.771	35.500	56.208	463.060	215.249	-0.028	81.643	82.278	7.958	12.661	46194.149	25.844
99818.970	35.432	56.682	465.870	215.646	-0.029	81.279	81.969	7.853	12.645	45865.942	25.910
99819.170	35.209	57.179	469.560	216.690	-0.031	81.052	81.750	8.014	12.471	45816.887	26.206
99819.370	35.319	57.348	472.488	217.445	-0.022	80.717	81.412	8.043	12.472	45817.356	25.197
99819.570	35.111	57.849	476.876	218.289	-0.026	80.528	81.206	7.874	12.445	45432.274	25.981
99819.771	35.151	58.051	479.715	218.557	-0.023	80.200	80.915	7.891	12.434	45429.267	24.643
99819.970	35.028	58.486	482.959	219.838	-0.022	80.066	80.796	7.884	12.433	45282.547	25.444
99820.171	35.119	58.744	486.977	220.249	-0.022	79.808	80.534	7.800	12.585	45079.649	25.981
99820.371	34.942	59.171	490.223	221.231	-0.015	79.722	80.426	7.989	12.584	45073.237	25.674
99820.571	35.022	59.383	493.466	221.469	-0.017	79.574	80.353	7.912	12.585	44756.939	25.147
99820.772	34.968	59.647	497.034	222.580	-0.018	79.406	80.103	7.924	12.926	44754.368	25.219
99820.971	34.866	60.153	501.024	223.233	-0.017	79.330	80.048	8.091	12.925	44751.376	25.635
99821.172	34.828	60.482	504.661	224.964	-0.024	79.175	79.912	7.896	12.885	44463.362	25.515
99821.372	34.913	60.676	507.855	224.765	-0.023	79.086	79.767	7.823	12.851	44468.383	26.283
99821.571	34.765	61.008	511.199	225.723	-0.024	78.874	79.556	7.957	12.850	44292.450	25.630
99821.772	34.729	61.168	514.418	226.480	-0.023	78.743	79.419	7.930	12.850	44213.212	25.065
99821.972	34.825	61.499	517.407	227.336	-0.031	78.652	79.338	7.865	12.851	44217.853	25.597
99822.172	34.748	61.848	519.846	227.562	-0.019	78.500	79.205	7.920	12.850	44000.611	25.997
99822.372	34.628	62.054	523.202	228.672	-0.023	78.336	79.034	7.894	12.509	43993.520	25.098
99822.573	34.653	62.250	526.349	229.122	-0.023	78.273	78.966	7.812	12.509	43943.907	24.890
99822.773	34.591	62.598	529.459	229.777	-0.023	78.149	78.832	7.782	12.585	43792.700	24.917
99822.972	34.547	62.941	531.932	230.365	-0.023	78.049	78.765	7.895	12.698	43793.832	25.679
99823.174	34.687	63.097	534.343	231.330	-0.022	77.869	78.562	7.957	12.698	43623.454	25.202
99823.374	34.545	63.352	537.267	232.043	-0.022	77.886	78.648	7.931	12.662	43614.560	25.465
99823.573	34.621	63.694	539.756	232.725	-0.021	77.740	78.429	7.900	12.661	43618.295	25.652
99823.774	34.583	63.960	541.931	233.012	-0.019	77.762	78.475	7.882	12.660	43453.035	26.189
99823.974	34.539	64.211	544.398	233.150	-0.019	77.734	78.394	7.914	12.698	43452.647	26.398
99824.173	34.600	64.267	546.293	233.398	-0.017	77.684	78.406	7.937	12.699	43376.449	24.912
99824.373	34.570	64.496	548.989	234.387	-0.019	77.573	78.324	7.895	12.686	43312.226	24.692
99824.574	34.416	64.778	550.578	234.960	-0.018	77.544	78.248	7.892	12.623	43310.892	24.890
99824.775	34.558	64.993	552.953	234.241	-0.020	77.459	78.185	7.811	12.623	43199.231	25.690
99824.974	34.557	65.299	554.995	235.076	-0.016	77.407	78.128	7.829	12.684	43198.657	25.674
99825.174	34.466	65.432	557.004	236.008	-0.018	77.493	78.180	7.975	12.698	43185.202	24.934
99825.375	34.539	65.613	559.109	236.799	-0.014	77.444	78.205	7.999	12.699	43095.865	25.224
99825.575	34.541	65.891	560.834	236.742	-0.012	77.375	78.107	8.018	12.623	43099.043	25.849
99825.775	34.396	66.155	563.110	238.156	-0.011	77.396	78.113	7.997	12.622	43027.890	25.822
99825.975	34.377	66.305	564.899	238.616	-0.012	77.439	78.175	7.917	12.621	43013.660	25.230
99826.175	34.393	66.564	566.852	239.728	-0.023	77.472	78.176	7.991	12.584	43013.223	25.208
99826.375	34.499	66.790	568.076	239.427	-0.020	77.394	78.098	7.993	12.585	42958.339	26.184
99826.575	34.439	67.070	570.453	240.304	-0.022	77.325	78.046	8.013	12.631	42957.498	25.696
99826.774	34.363	67.231	571.682	240.994	-0.022	77.228	77.913	7.939	12.660	42937.276	26.134
99826.974	34.367	67.366	573.160	242.111	-0.018	77.314	78.040	7.952	12.660	42904.562	25.493
99827.175	34.448	67.660	574.447	242.659	-0.024	77.290	77.984	7.763	12.547	42909.243	26.431
99827.375	34.402	67.817	576.545	243.282	-0.015	77.289	77.942	7.980	12.547	42866.528	26.442
99827.576	34.439	68.042	577.822	243.729	-0.016	77.265	77.985	8.019	12.548	42868.023	26.436
99827.776	34.387	68.079	578.233	244.656	-0.021	77.309	78.026	8.009	12.471	42863.455	25.312
99827.977	34.428	68.479	579.774	245.199	-0.017	77.217	77.963	7.915	12.471	42830.523	26.370
99828.177	34.362	68.533	580.249	245.929	-0.025	77.362	78.027	7.968	12.598	42824.814	25.027
99828.378	34.477	68.719	582.176	246.260	-0.018	77.312	77.995	7.991	12.737	42810.810	25.180
99828.577	34.428	68.858	583.692	247.065	-0.028	77.341	78.028	7.978	12.737	42801.641	25.027
99828.778	34.387	69.063	584.550	247.236	-0.027	77.117	77.811	7.943	12.812	42801.237	24.928
99828.978	34.427	69.389	585.420	248.108	-0.027	77.103	77.786	8.019	12.813	42791.559	26.672
99829.179	34.430	69.531	586.358	248.580	-0.019	77.300	77.961	8.031	12.813	42792.440	26.513
99829.378	34.440	69.699	586.819	249.498	-0.019	77.480	78.167	7.969	12.509	42788.147	26.864
99829.579	34.444	69.900	588.194	250.256	-0.022	77.881	78.532	8.135	12.509	42772.849	26.228
99829.778	34.449	69.940	589.992	250.422	-0.021	78.256	78.962	8.223	12.630	42770.164	25.997
99829.978	34.308	70.214	592.233	251.423	-0.022	78.517	79.269	8.062	12.888	42801.148	25.696
99830.179	34.315	70.396	594.632	252.243	-0.022	78.992	79.652	8.254	12.888	42804.358	26.913
99830.378	34.321	70.643	596.554	252.825	-0.015	79.359	80.050	8.209	13.095	42805.668	26.760
99830.578	34.379	70.708	599.188	254.026	-0.017	79.809	80.512	8.311	13.114	42920.199	26.211
99830.778	34.444	70.884	602.251	254.778	-0.015	80.069	80.756	8.287	13.115	42923.563	26.650
99830.979	34.433	71.164	605.222	254.681	-0.015	80.686	81.352	8.436	13.795	43020.719	27.588
99831.179	34.328	71.317	608.139	256.660	-0.020	81.087	81.752	8.408	13.795	43102.237	27.412
99831.380	34.304	71.546	611.122	257.378	-0.017	81.648	82.326	8.507	13.682	43102.245	27.122
99831.580	34.462	71.581	614.868	257.335	-0.016	82.272	82.859	8.688	13.343	43352.718	27.226
99831.779	34.446	71.811	617.791	258.538	-0.019	82.753	83.409	8.661	13.343	43354.424	27.884
99831.979	34.391	72.192	621.904	259.105	-0.021	83.382	84.037	8.644	13.480	43378.608	28.871
99832.179	34.419	72.333	624.749	260.077	-0.022	83.996	84.625	8.938	13.532	43675.646	29.167
99832.380	34.451	72.356	627.725	261.529	-0.023	84.521	85.168	8.909	13.532	43675.606	28.438
99832.580	34.466	72.673	630.479	261.780	-0.020	85.115	85.734	9.028	13.229	44000.797	28.564
99832.780	34.352	72.908	633.081	262.258	-0.026	85.676	86.325	9.162	13.228	44060.404	28.383
99832.979	34.374	73.218	635.215	264.097	-0.025	86.114	86.722	8.988	13.231	44064.487	29.123
99833.180	34.453	73.313	636.637	263.506	-0.029	86.801	87.409	9.383	13.757	44494.370	29.183
99833.381	34.368	73.568	638.495	265.522	-0.023	87.238	87.797	9.290	13.757	44489.341	28.591
99833.582	34.315	73.798	639.852	266.593	-0.022	87.755	88.351	9.490	13.668	44669.882	29.518
99833.783	34.420	74.024	641.246	267.067	-0.019	88.311	88.822	9.573	13.606	44950.175	29.979
99833.984	34.382	74.430	643.069	267.409	-0.028	88.786	89.283	9.502	13.606	44950.870	30.702
99834.185	34.438	74.532	644.534	268.910	-0.022	89.492	89.988	9.739	13.494	45414.486	30.417
99834.386	34.316	74.869	646.372	269.388	-0.024	90.042	90.470	9.776	13.493	45414.988	30.856
99834.586	34.229	75.088	648.591	270.087	-0.027	90.625	90.980	10.003	13.493	45418.691	30.905
99834.787	34.401	75.341	650.256	270.915	-0.025	91.177	91.542	10.059	13.494	45891.848	30.861
99834.987	34.337	75.464	652.539	271.572	-0.025	91.673	92.087	10.162	13.494	45887.368	30.302
99835.188	34.296	75.969	654.914	272.540	-0.027	92.292	92.644	10.190	13.679	46255.195	31.755
99835.387	34.388	76.018	656.960	273.244	-0.022	92.629	93.101	10.156	13.908	46371.845	31.317
99835.587	34.299	76.245	658.483	274.005	-0.021	93.219	93.688	10.173	13.908	46368.926	31.163
99835.788	34.283	76.497	660.117	274.838	-0.021	93.581	93.921	10.211	13.908	46858.860	30.746
99835.988	34.285	76.708	662.003	275.478	-0.020	94.116	94.393	10.376	13.908	46858.965	30.977
99836.187	34.368	77.153	663.572	275.904	-0.023	94.482	94.808	10.272	13.908	46999.386	32.134
99836.388	34.328	77.520	665.048	276.910	-0.023	94.945	95.265	10.504	14.173	47347.088	32.742
99836.588	34.228	77.763	666.493	277.902	-0.024	95.412	95.678	10.445	14.172	47339.698	32.194
99836.788	34.270	78.018	667.923	277.797	-0.024	95.834	96.159	10.533	14.074	47805.384	31.761
99836.988	34.229	78.447	669.204	278.518	-0.021	96.194	96.407	10.688	13.756	47815.224	32.901
99837.188	34.174	78.641	670.412	279.764	-0.020	96.669	96.904	10.680	13.757	47813.817	32.589
99837.388	34.203	78.897	670.907	279.897	-0.018	96.990	97.273	10.850	13.884	48271.425	32.419
99837.588	34.236	79.371	673.106	280.345	-0.016	97.322	97.626	10.881	13.908	48274.983	33.976
99837.787	34.261	79.612	673.309	281.366	-0.019	97.851	98.107	10.874	13.908	48530.049	33.559
99837.988	34.187	79.851	674.008	282.023	-0.013	98.261	98.591	10.980	14.135	48710.178	33.011
99838.188	34.255	80.151	674.945	282.370	-0.017	98.543	98.842	11.068	14.136	48714.221	33.532
99838.387	34.151	80.541	675.532	283.812	-0.017	98.920	99.227	11.034	14.154	49136.964	33.154
99838.587	34.141	80.838	675.636	283.900	-0.016	99.454	99.696	11.204	14.475	49136.722	33.527
99838.788	34.235	81.194	675.470	284.341	-0.017	99.825	100.186	11.306	14.475	49192.633	34.042
99838.989	34.087	81.621	676.488	284.743	-0.021	100.240	100.531	11.289	14.399	49544.434	34.492
99839.189	34.070	81.917	676.366	285.127	-0.019	100.776	101.125	11.414	14.362	49545.704	34.629
99839.389	34.186	82.291	676.190	285.702	-0.017	101.331	101.568	11.359	14.362	49898.128	35.265
99839.589	34.125	82.652	675.448	286.645	-0.018	101.996	102.287	11.382	14.136	49940.156	35.698
99839.788	34.115	82.769	675.981	287.073	-0.022	102.469	102.802	11.595	14.135	49937.270	34.695
99839.988	34.188	83.135	675.733	288.098	-0.024	103.114	103.297	11.689	14.136	50336.250	34.903
99840.190	34.156	83.715	676.115	288.056	-0.019	103.751	103.946	11.783	14.135	50341.368	36.598
99840.390	34.174	83.831	676.454	288.717	-0.024	104.547	104.678	11.894	14.136	50517.058	35.265
99840.590	34.205	84.194	677.056	289.600	-0.022	105.119	105.299	12.038	14.495	50751.409	36.356
99840.791	34.113	84.681	678.569	290.015	-0.021	105.786	105.923	12.100	14.815	50749.808	36.992
99840.993	34.122	85.047	679.508	290.342	-0.023	106.522	106.646	12.192	14.815	51184.324	37.228
99841.193	34.066	85.357	680.430	290.926	-0.024	107.100	107.213	12.122	14.815	51182.618	37.173
99841.394	34.138	85.580	681.131	291.184	-0.025	107.876	107.943	12.296	14.816	51197.140	36.570
99841.594	34.030	86.104	681.484	292.242	-0.024	108.599	108.582	12.656	14.815	51635.408	37.705
99841.794	34.084	86.489	682.437	292.460	-0.021	109.357	109.368	12.666	15.043	51639.992	38.506
99841.993	34.091	86.795	682.608	293.047	-0.025	110.053	110.087	12.643	15.042	51992.780	37.985
99842.194	34.044	87.297	682.713	293.672	-0.026	110.792	110.777	12.887	15.222	52097.649	38.775
99842.394	34.230	87.456	682.985	293.986	-0.025	111.630	111.492	13.107	15.535	52103.713	38.857
99842.594	34.196	87.982	683.388	294.598	-0.022	112.259	112.211	13.114	15.535	52574.080	39.932
99842.794	34.162	88.260	683.393	294.660	-0.022	112.937	112.784	13.205	15.427	52574.218	39.136
99842.994	34.138	88.688	683.450	295.095	-0.019	113.609	113.456	13.129	15.421	52720.647	38.988
99843.195	34.143	88.989	683.594	295.867	-0.020	114.341	114.092	13.378	15.421	53051.886	39.175
99843.395	34.019	89.538	684.099	296.527	-0.019	115.067	114.847	13.373	15.383	53052.064	40.250
99843.596	34.105	89.911	684.669	296.776	-0.028	115.584	115.408	13.447	15.383	53528.795	41.253
99843.796	34.091	90.092	685.576	297.357	-0.027	116.014	115.861	13.616	15.341	53528.002	39.806
99843.997	34.148	90.539	685.772	297.473	-0.031	116.635	116.491	13.659	15.195	53534.188	40.305
99844.198	34.017	90.875	686.448	297.919	-0.028	117.136	116.958	13.701	15.194	53988.683	40.102
99844.398	34.082	91.237	687.021	298.159	-0.028	117.418	117.338	13.660	15.447	53988.004	40.793
99844.598	33.996	91.750	687.929	298.503	-0.017	117.920	117.762	13.706	15.497	54272.056	41.056
99844.799	33.958	91.965	688.169	299.146	-0.024	118.313	117.974	13.810	15.498	54422.374	41.078
99844.999	34.003	92.358	688.739	299.267	-0.021	118.632	118.323	13.811	15.194	54422.439	41.412
99845.200	34.129	92.937	689.208	299.490	-0.023	118.949	118.611	13.841	15.195	54834.146	42.498
99845.400	34.006	93.061	688.897	299.766	-0.019	119.319	118.997	13.810	15.219	54827.273	41.248
99845.599	33.963	93.617	689.589	300.240	-0.016	119.473	119.205	13.776	15.459	54904.070	42.317
99845.800	34.084	94.032	689.777	300.166	-0.019	119.527	119.303	13.904	15.459	55195.795	42.498
99846.000	34.096	94.254	689.949	300.750	-0.027	119.597	119.216	13.860	15.536	55195.642	41.516
99846.200	33.967	94.759	690.118	301.043	-0.016	119.473	119.052	13.783	15.573	55488.233	42.213
99846.401	33.929	95.239	690.382	301.875	-0.021	119.551	119.164	13.840	15.573	55503.781	42.476
99846.600	34.008	95.516	689.158	301.923	-0.016	119.435	119.130	13.747	15.422	55507.112	42.794
99846.941	33.975	96.246	687.902	302.014	-0.028	119.436	118.988	13.812	15.421	55744.536	42.509
99847.141	34.012	96.303	687.888	302.025	-0.015	119.305	118.931	13.785	15.535	55744.778	42.586
99847.342	33.913	97.107	687.021	302.875	-0.014	119.350	118.936	13.687	15.535	55912.569	42.630
99847.542	33.892	96.862	686.576	302.965	-0.014	119.304	119.054	13.793	15.534	55912.383	42.037
99847.742	33.954	97.457	686.056	303.225	-0.015	119.261	118.890	13.707	15.649	56002.585	42.504
99847.944	33.913	97.837	686.028	304.039	-0.015	119.339	118.964	13.708	15.648	56042.592	41.560
99848.143	34.008	98.004	685.443	303.659	-0.017	119.157	118.774	13.661	15.796	56046.886	41.763
99848.344	33.963	98.494	684.877	304.037	-0.014	119.224	118.842	13.634	15.990	56144.551	42.619
99848.544	33.941	98.710	684.431	304.060	-0.019	119.238	118.772	13.667	15.989	56145.513	42.684
99848.743	33.907	98.926	683.928	304.628	-0.015	119.042	118.695	13.681	15.325	56159.363	42.257
99848.943	33.852	99.313	683.782	304.943	-0.017	119.058	118.736	13.616	15.308	56211.264	41.780
99849.144	34.002	99.650	683.218	305.100	-0.015	118.976	118.578	13.564	15.309	56216.609	42.037
99849.344	33.918	99.603	682.364	305.452	-0.017	118.780	118.369	13.511	15.195	56254.506	41.017
99849.544	33.941	100.259	682.165	305.730	-0.016	118.784	118.343	13.580	15.195	56261.686	43.162
99849.744	33.965	100.439	680.963	305.805	-0.016	118.735	118.320	13.557	15.168	56259.705	42.070
99849.944	33.862	100.733	680.490	306.143	-0.018	118.773	118.432	13.592	15.080	56282.837	42.630
99850.143	33.902	101.137	679.706	306.468	-0.021	118.729	118.390	13.495	15.080	56286.904	42.860
99850.344	33.973	101.050	679.005	306.821	-0.025	118.664	118.292	13.574	15.333	56286.565	41.862
99850.544	34.011	101.603	678.801	306.784	-0.018	118.644	118.259	13.490	15.384	56293.672	42.026
99850.744	33.892	101.751	678.123	307.282	-0.017	118.620	118.212	13.535	15.384	56290.300	41.319
99850.943	33.873	102.211	677.563	307.150	-0.014	118.524	118.122	13.489	15.685	56299.162	42.312
99851.144	34.007	102.478	677.192	307.159	-0.022	118.592	118.179	13.471	15.686	56301.135	42.674
99851.345	33.998	102.701	676.334	307.658	-0.018	118.619	118.207	13.534	15.673	56300.472	42.005
99851.546	33.883	102.859	676.576	307.649	-0.026	118.543	118.121	13.493	15.421	56297.796	42.706
99851.747	33.927	103.120	675.613	308.365	-0.021	118.422	118.057	13.439	15.422	56295.216	41.390
99851.947	34.008	103.397	675.130	308.429	-0.014	118.380	118.054	13.463	15.353	56296.381	41.626
99852.146	33.862	103.669	675.431	308.326	-0.014	118.434	118.065	13.372	15.308	56292.443	41.791
99852.347	33.930	103.561	674.375	309.317	-0.016	118.467	118.149	13.413	15.308	56293.995	41.900
99852.547	33.864	104.179	674.751	309.526	-0.020	118.522	118.132	13.394	15.156	56289.864	41.845
99852.746	33.918	104.353	674.551	308.975	-0.014	118.502	118.057	13.377	15.156	56294.626	42.487
99852.947	33.868	104.303	673.794	309.828	-0.014	118.773	118.427	13.436	15.156	56289.573	42.043
99853.147	33.860	104.680	673.763	309.551	-0.014	118.742	118.400	13.477	15.080	56293.882	41.922
99853.347	33.844	105.023	673.290	309.392	-0.014	118.813	118.351	13.436	15.080	56294.699	42.876
99853.548	34.025	105.013	672.039	309.841	-0.014	118.697	118.314	13.480	15.020	56312.940	41.922
99853.749	34.019	105.214	672.171	310.598	-0.019	118.764	118.352	13.477	14.930	56313.482	42.037
99853.948	33.873	105.695	672.108	310.043	-0.014	118.659	118.397	13.499	14.929	56312.188	42.591
99854.149	33.932	105.581	671.838	311.586	-0.014	118.659	118.290	13.437	15.150	56319.546	41.418
99854.349	33.995	105.905	671.084	311.005	-0.018	118.628	118.227	13.382	15.156	56322.925	41.950
99854.550	34.004	106.246	671.302	311.061	-0.024	118.621	118.248	13.441	15.156	56331.512	42.460
99854.750	34.051	106.222	670.710	311.305	-0.014	118.501	118.213	13.421	15.043	56328.763	41.670
99854.951	33.912	106.574	670.871	311.894	-0.021	118.475	118.179	13.435	15.043	56326.839	42.460
99855.151	33.955	106.628	671.392	312.226	-0.016	118.487	118.086	13.440	15.104	56332.119	42.767
99855.351	33.976	106.886	671.533	313.117	-0.023	118.540	118.109	13.382	15.308	56326.936	41.626
99855.552	34.105	107.135	671.018	312.479	-0.015	118.461	118.105	13.446	15.309	56331.698	42.076
99855.752	33.917	107.296	671.049	312.806	-0.020	118.492	118.143	13.384	15.276	56324.066	41.917
99855.953	34.012	107.188	670.520	313.209	-0.021	118.464	118.050	13.356	15.270	56327.461	41.292
99856.152	33.916	107.504	670.093	313.318	-0.016	118.433	118.032	13.337	15.270	56317.338	41.780
99856.353	33.967	107.919	669.196	313.809	-0.022	118.462	118.112	13.364	15.156	56320.338	42.750
99856.552	34.091	108.134	668.883	313.043	-0.015	118.508	118.233	13.355	15.157	56323.427	42.602
99856.753	33.938	107.931	668.504	314.318	-0.014	118.585	118.286	13.363	15.148	56314.549	42.010
99856.952	33.939	108.314	668.493	313.540	-0.015	118.677	118.365	13.382	14.967	56313.951	42.229
99857.152	34.069	108.581	668.434	313.657	-0.014	118.663	118.277	13.381	14.968	56326.750	43.173
99857.353	33.972	108.564	667.953	314.017	-0.026	118.567	118.223	13.362	15.153	56323.508	42.087
99857.553	34.051	108.570	667.677	314.124	-0.018	118.537	118.155	13.373	15.270	56325.553	41.835
99857.753	34.062	109.000	667.366	314.469	-0.034	118.596	118.185	13.386	15.270	56337.690	41.884
99857.954	33.985	109.050	667.708	314.957	-0.016	118.464	118.174	13.395	15.194	56336.315	41.560
99858.153	34.025	109.360	666.891	315.049	-0.022	118.503	118.147	13.312	15.194	56340.511	42.920
99858.354	34.018	109.487	667.259	315.499	-0.016	118.558	118.265	13.412	15.194	56342.088	42.125
99858.554	34.056	109.758	666.938	314.978	-0.017	118.447	118.124	13.330	14.854	56347.797	42.569
99858.753	33.992	109.862	668.111	315.466	-0.016	118.594	118.279	13.364	14.854	56350.974	42.970
99858.954	34.078	109.833	667.914	315.934	-0.016	118.607	118.252	13.331	14.790	56350.141	42.218
99859.155	34.056	109.959	668.202	315.484	-0.024	118.531	118.271	13.310	14.703	56353.125	42.268
99859.355	33.932	110.197	668.347	316.390	-0.025	118.591	118.295	13.349	14.703	56356.319	42.153
99859.556	33.988	110.391	669.260	315.752	-0.014	118.560	118.287	13.346	14.851	56361.623	42.690
99859.756	34.071	110.355	669.566	316.430	-0.016	118.764	118.500	13.330	14.854	56366.959	42.070
99859.957	34.084	110.517	670.271	316.466	-0.023	118.670	118.400	13.296	14.854	56378.360	42.366
99860.158	33.955	110.882	670.248	317.448	-0.014	118.628	118.343	13.338	14.930	56374.737	41.944
99860.358	34.001	111.107	670.856	317.595	-0.016	118.715	118.394	13.351	14.929	56398.283	42.860
99860.559	34.069	111.233	670.615	317.281	-0.014	118.791	118.385	13.301	14.940	56395.639	41.867
99860.759	33.931	111.328	671.062	317.895	-0.015	118.793	118.421	13.308	14.967	56394.555	42.767
99860.960	34.092	111.440	670.965	318.072	-0.015	118.752	118.500	13.300	14.968	56417.647	42.663
99861.159	34.031	111.616	671.373	317.640	-0.014	118.801	118.490	13.343	14.769	56415.820	42.893
99861.360	34.087	111.592	671.354	318.087	-0.014	118.762	118.546	13.319	14.741	56430.900	42.789
99861.559	34.081	111.435	670.453	318.260	-0.015	118.814	118.441	13.386	14.741	56437.441	42.838
99861.759	34.004	111.963	670.893	317.981	-0.014	118.796	118.466	13.299	14.854	56435.783	43.151
99861.960	34.073	112.278	670.246	318.709	-0.015	118.915	118.600	13.317	14.854	56454.711	43.348
99862.160	33.997	112.262	669.266	319.155	-0.014	118.970	118.694	13.367	14.880	56449.149	41.944
99862.359	33.989	112.384	669.291	318.754	-0.015	119.024	118.643	13.355	15.118	56453.458	41.741
99862.560	34.037	112.324	668.157	318.638	-0.015	119.073	118.840	13.438	15.119	56473.793	42.092
99862.760	34.102	112.808	668.341	318.469	-0.015	118.990	118.630	13.407	14.937	56476.017	42.970
99862.959	33.971	113.141	666.941	318.927	-0.017	118.981	118.613	13.358	14.853	56494.153	42.646
99863.160	33.982	113.030	666.394	320.023	-0.014	118.931	118.608	13.394	14.854	56493.619	42.432
99863.359	34.106	112.910	665.765	319.512	-0.014	119.011	118.672	13.438	14.816	56498.236	42.750
99863.559	34.085	113.147	665.762	319.773	-0.014	118.923	118.573	13.313	14.816	56512.102	41.670
99863.760	33.942	113.286	665.593	320.028	-0.014	119.299	118.952	13.370	14.815	56509.927	41.988
99863.959	34.118	113.398	664.571	319.774	-0.018	120.392	120.136	13.560	15.081	56524.756	42.811
99864.161	33.982	113.697	664.977	320.166	-0.015	121.642	121.346	13.692	15.080	56528.605	43.704
99864.360	34.124	113.658	664.984	320.184	-0.015	123.319	123.002	13.907	15.394	56529.147	43.896
99864.560	33.987	113.898	666.246	320.366	-0.020	125.035	124.748	14.148	15.723	56675.721	44.763
99864.761	34.004	113.971	667.557	320.847	-0.016	126.868	126.464	14.365	15.724	56677.726	44.960
99864.960	33.975	114.375	669.640	320.966	-0.018	128.739	128.410	14.653	15.985	56720.038	46.858
99865.161	33.989	114.470	671.213	321.723	-0.018	130.678	130.329	14.845	15.989	57057.803	47.121
99865.361	34.157	114.660	672.883	321.354	-0.018	132.782	132.319	15.152	15.990	57063.519	47.768
99865.562	34.098	114.772	675.071	321.991	-0.014	134.709	134.263	15.415	16.557	57566.778	47.647
99865.761	34.059	114.993	677.079	322.443	-0.014	136.490	136.088	15.645	16.557	57634.972	48.223
99865.961	33.990	115.347	679.341	323.010	-0.014	138.337	137.932	15.926	16.705	57635.263	49.940
99866.161	34.027	115.604	680.860	323.627	-0.015	140.230	139.854	16.044	17.049	58346.279	50.598
99866.363	34.008	115.859	683.433	324.114	-0.014	141.927	141.415	16.234	17.049	58345.350	50.433
99866.563	34.011	116.049	684.799	323.562	-0.014	143.680	143.201	16.584	17.190	58688.750	50.652
99866.763	34.136	116.271	686.100	323.972	-0.017	145.406	144.836	16.706	17.202	59134.440	51.535
99866.963	34.125	116.628	687.664	324.129	-0.019	146.808	146.276	16.838	17.202	59134.545	52.616
99867.163	34.007	116.932	688.803	325.334	-0.018	148.687	148.108	17.161	17.238	59952.065	52.078
99867.443	34.020	117.223	689.653	325.702	-0.014	150.996	150.329	17.452	17.239	59954.151	52.424
99867.644	33.987	117.690	690.151	326.095	-0.019	152.418	151.896	17.584	17.561	60599.561	54.573
99867.844	34.077	117.760	690.978	326.625	-0.015	153.915	153.365	17.708	17.618	60795.854	53.301
99868.045	33.953	118.439	692.867	327.393	-0.018	155.385	154.914	17.881	17.617	60795.506	55.204
99868.245	33.985	118.642	692.877	327.850	-0.017	157.082	156.501	18.143	17.731	61637.654	54.508
99868.445	34.035	119.179	693.913	327.583	-0.029	158.619	158.013	18.359	17.732	61645.424	56.027
99868.645	33.976	119.559	695.154	328.002	-0.014	160.259	159.657	18.482	17.732	61901.242	55.911
99868.846	34.098	119.946	697.440	328.343	-0.015	161.632	160.967	18.635	17.733	62485.300	56.301
99869.046	34.005	120.374	697.910	329.321	-0.014	163.100	162.474	18.835	17.732	62481.872	56.257
99869.246	34.029	120.692	698.930	330.039	-0.014	164.588	163.875	18.996	17.814	63296.941	56.849
99869.446	34.041	121.416	699.584	330.079	-0.014	166.296	165.573	19.211	17.921	63310.662	59.114
99869.646	34.015	121.619	699.256	330.794	-0.014	168.038	167.227	19.452	17.921	63309.207	58.077
99869.846	33.968	122.220	700.461	330.761	-0.018	169.914	169.230	19.657	18.104	64121.851	60.211
99870.046	34.000	122.605	701.070	331.373	-0.016	172.421	171.761	19.799	18.110	64121.875	60.819
99870.246	34.002	123.042	702.139	331.655	-0.018	175.133	174.375	20.111	18.110	64645.623	61.604
99870.446	33.966	123.739	704.900	332.533	-0.014	178.040	177.169	20.263	18.565	64958.783	62.854
99870.646	34.005	123.846	708.180	332.690	-0.014	181.114	180.277	20.608	18.565	64960.231	63.419
99870.846	33.941	124.586	711.140	332.843	-0.014	184.557	183.654	20.852	18.653	65892.128	64.987
99871.045	33.927	125.002	714.117	333.828	-0.022	188.016	187.038	21.190	19.624	65886.872	64.877
99871.246	33.933	125.699	716.811	334.130	-0.014	190.798	189.894	21.596	19.625	66048.542	65.936
99871.447	33.962	126.290	719.105	334.494	-0.014	192.868	191.939	21.710	20.522	66942.082	67.230
99871.647	33.954	127.111	722.321	334.586	-0.014	194.170	193.218	21.795	21.404	66944.960	68.464
99871.847	33.909	127.836	724.296	334.761	-0.014	195.448	194.507	22.120	21.405	67944.355	67.712
99872.047	33.964	128.621	727.004	335.317	-0.014	196.444	195.430	22.116	21.213	68013.082	68.689
99872.247	33.887	129.444	729.364	335.806	-0.018	197.156	196.092	22.212	21.179	68013.648	68.579
99872.446	33.805	130.500	731.305	336.154	-0.014	198.049	196.998	22.369	21.177	68978.235	70.367
99872.648	33.811	131.138	732.952	336.576	-0.014	198.695	197.567	22.453	21.254	68978.033	70.076
99872.847	33.842	132.103	734.125	336.611	-0.017	199.264	198.137	22.524	21.253	69358.983	70.569
99873.047	33.856	132.803	735.677	336.821	-0.022	199.784	198.744	22.619	21.254	69794.170	69.895
99873.247	33.703	133.593	736.919	337.237	-0.014	200.188	198.990	22.591	21.367	69787.532	70.729
99873.448	33.842	134.364	738.036	337.417	-0.017	200.250	199.155	22.571	21.368	70467.411	69.846
99873.648	33.799	135.140	738.734	338.191	-0.015	200.373	199.189	22.547	21.238	70468.947	69.917
99873.847	33.629	136.054	739.560	338.383	-0.014	200.558	199.495	22.613	21.102	70485.773	71.025
99874.048	33.682	136.790	740.724	338.191	-0.015	200.919	199.725	22.590	21.102	70996.407	71.134
99874.248	33.750	137.535	741.639	338.301	-0.022	201.107	199.904	22.512	21.037	71002.317	71.787
99874.449	33.776	138.054	742.886	338.569	-0.014	201.125	200.101	22.583	21.027	71335.303	70.838
99874.648	33.775	138.942	743.641	338.332	-0.014	200.915	199.790	22.469	21.027	71435.410	71.589
99874.849	33.749	139.706	744.545	339.180	-0.016	201.022	199.939	22.524	21.140	71433.082	71.502
99875.049	33.732	140.339	745.443	339.411	-0.014	201.211	200.008	22.549	21.140	71766.521	71.787
99875.249	33.709	140.996	746.079	338.950	-0.014	201.320	200.158	22.405	21.140	71764.750	71.792
99875.449	33.628	141.506	748.314	339.334	-0.017	201.210	200.032	22.404	21.178	71839.242	70.657
99875.650	33.587	142.272	748.378	339.975	-0.014	201.328	200.121	22.467	21.178	72011.342	70.909
99875.850	33.690	142.746	749.365	339.699	-0.015	201.302	200.204	22.502	21.188	72013.396	70.783
99876.051	33.659	143.554	750.386	340.035	-0.014	201.266	200.148	22.436	21.217	72203.333	71.666
99876.251	33.695	143.997	750.940	340.005	-0.014	201.301	200.273	22.479	21.217	72202.654	70.701
99876.450	33.724	144.652	751.669	340.272	-0.014	201.408	200.311	22.380	21.305	72208.079	72.056
99876.650	33.666	145.243	752.653	340.580	-0.014	201.313	200.190	22.305	21.329	72354.637	72.006
99876.851	33.575	145.681	753.012	340.864	-0.014	201.048	199.905	22.248	21.329	72348.678	70.613
99877.051	33.534	146.315	753.748	340.921	-0.014	201.254	200.200	22.383	21.367	72421.909	70.849
99877.251	33.574	147.034	753.628	341.342	-0.014	201.155	200.108	22.301	21.367	72469.136	71.666
99877.452	33.638	147.555	754.215	341.469	-0.015	200.998	199.874	22.238	21.367	72470.438	71.880
99877.651	33.511	147.918	754.602	341.792	-0.014	201.156	200.069	22.480	21.480	72553.105	71.299
99877.852	33.546	148.656	754.958	342.164	-0.016	200.869	199.885	22.198	21.481	72552.094	71.853
99878.051	33.516	149.122	754.846	341.813	-0.014	200.944	199.826	22.290	21.465	72563.810	71.622
99878.252	33.680	149.413	754.060	342.182	-0.014	201.018	199.987	22.197	21.444	72614.749	71.370
99878.451	33.627	149.896	754.200	342.678	-0.014	201.024	199.872	22.194	21.443	72610.116	71.063
99878.652	33.497	150.611	754.751	342.604	-0.020	200.926	199.839	22.213	21.308	72656.543	71.880
99878.853	33.563	151.025	754.556	342.659	-0.018	201.032	200.008	22.281	21.292	72661.297	72.275
99879.053	33.635	151.389	754.654	342.823	-0.028	201.047	200.040	22.258	21.292	72663.779	71.940
99879.254	33.589	151.800	755.204	343.558	-0.017	200.996	199.979	22.299	21.292	72695.911	70.893
99879.454	33.481	152.394	755.041	343.231	-0.019	200.965	199.980	22.223	21.291	72694.577	71.425
99879.656	33.532	152.706	755.655	343.917	-0.014	201.157	200.133	22.213	21.292	72712.422	71.408
99879.855	33.562	153.284	756.260	343.869	-0.014	201.143	200.045	22.338	21.291	72731.318	72.280
99880.057	33.535	153.633	757.128	344.204	-0.014	201.083	200.015	22.143	21.291	72727.291	71.452
99880.257	33.652	154.169	758.110	344.059	-0.014	200.860	199.925	22.231	21.308	72758.404	72.631
99880.457	33.546	154.594	757.794	344.595	-0.014	200.889	199.916	22.212	21.367	72752.534	72.538
99880.658	33.539	155.019	757.871	344.714	-0.014	201.037	199.945	22.230	21.367	72753.205	72.280
99880.858	33.584	155.272	759.111	344.431	-0.014	201.061	199.916	22.135	21.367	72760.199	71.228
99881.057	33.588	155.886	759.602	344.481	-0.020	201.106	200.020	22.102	21.367	72766.255	72.730
99881.257	33.691	156.113	759.625	344.405	-0.014	201.106	199.984	22.166	21.368	72777.462	72.264
99881.457	33.733	156.564	759.713	344.943	-0.022	201.100	200.058	22.183	21.330	72779.968	72.428
99881.657	33.567	156.889	760.049	345.570	-0.031	201.157	200.189	22.217	21.329	72771.527	71.820
99881.857	33.602	157.395	760.848	345.611	-0.019	201.382	200.114	22.250	21.329	72788.224	72.648
99882.058	33.754	157.639	761.253	345.527	-0.016	201.442	200.282	22.169	21.329	72791.765	72.078
99882.257	33.752	157.966	761.113	346.171	-0.014	201.155	200.045	22.085	21.329	72796.018	72.308
99882.457	33.552	158.241	762.144	345.435	-0.032	201.107	200.103	22.168	21.329	72799.277	71.748
99882.658	33.553	158.765	761.800	345.665	-0.014	201.157	200.124	22.159	21.329	72802.770	72.198
99882.858	33.608	158.977	762.664	346.356	-0.030	201.015	200.034	22.102	21.329	72809.262	71.683
99883.058	33.699	159.237	761.849	346.317	-0.016	201.061	200.180	22.171	21.248	72813.847	71.990
99883.258	33.719	159.733	762.300	345.966	-0.015	201.066	200.052	22.105	21.217	72816.660	72.840
99883.458	33.603	160.111	762.211	346.219	-0.021	201.164	200.120	22.173	21.216	72816.814	72.752
99883.658	33.647	160.277	762.812	347.127	-0.031	201.325	200.323	22.169	21.216	72814.502	71.518
99883.859	33.667	160.647	763.184	346.678	-0.014	201.274	200.243	22.087	21.216	72824.706	72.105
99884.059	33.648	160.979	763.931	347.133	-0.014	201.266	200.112	22.113	21.216	72828.223	71.897
99884.259	33.766	161.212	764.690	347.172	-0.021	201.212	200.113	21.995	21.292	72831.037	72.253
99884.459	33.692	161.729	764.393	346.816	-0.028	201.289	200.183	22.095	21.291	72846.650	73.103
99884.659	33.768	161.828	764.890	347.293	-0.014	201.041	199.988	22.128	21.283	72845.906	72.582
99884.859	33.614	162.301	765.668	347.144	-0.018	200.688	199.544	22.006	21.253	72845.089	72.566
99885.058	33.684	162.536	765.862	346.957	-0.014	200.915	199.869	22.099	21.254	72857.363	72.900
99885.259	33.622	162.802	765.787	347.578	-0.014	200.860	199.845	22.139	21.137	72851.938	72.741
99885.458	33.676	163.127	765.607	347.501	-0.022	201.021	199.970	22.106	21.102	72848.768	72.105
99885.659	33.646	163.277	765.304	347.598	-0.030	201.020	200.026	22.252	21.102	72850.523	72.050
99885.859	33.791	163.692	765.338	348.060	-0.028	200.668	199.629	22.155	21.292	72857.355	72.681
99886.060	33.768	163.952	764.861	347.196	-0.032	203.015	202.011	22.472	21.291	72856.239	73.470
99886.259	33.801	164.215	764.844	347.730	-0.023	206.179	205.223	23.002	21.292	72856.053	72.906
99886.460	33.642	164.495	765.700	347.897	-0.015	208.415	207.368	23.305	21.519	72908.318	73.328
99886.659	33.654	164.872	766.187	347.933	-0.015	210.509	209.337	23.701	21.518	72958.262	73.777
99886.860	33.738	165.131	766.324	348.522	-0.015	212.387	211.271	23.873	21.522	72963.720	74.808
99887.060	33.784	165.355	766.548	347.889	-0.022	213.933	212.856	24.081	22.162	73284.958	74.326
99887.261	33.664	165.635	766.808	348.995	-0.019	215.348	214.242	24.204	22.162	73281.586	74.452
99887.460	33.808	165.985	766.344	349.147	-0.016	216.379	215.096	24.421	22.290	73332.929	75.280
99887.661	33.735	166.349	766.565	349.175	-0.015	217.363	216.063	24.485	22.578	73700.522	76.552
99887.861	33.781	166.688	766.442	349.627	-0.015	217.736	216.558	24.451	22.579	73698.581	75.587
99888.060	33.653	167.119	767.134	350.190	-0.017	218.296	217.073	24.536	22.949	74025.665	76.826
99888.260	33.677	167.440	766.812	350.142	-0.015	218.893	217.609	24.604	23.071	74098.289	76.519
99888.460	33.802	167.795	766.942	350.535	-0.020	219.126	217.920	24.619	23.072	74106.625	77.123
99888.660	33.682	168.229	767.164	350.560	-0.014	219.685	218.363	24.622	23.331	74457.181	77.199
99888.860	33.705	168.586	767.347	350.737	-0.018	220.181	218.862	24.725	23.335	74457.844	77.528
99889.062	33.673	168.965	767.989	351.127	-0.017	220.491	219.232	24.630	23.336	74577.025	77.506
99889.264	33.762	169.318	769.119	351.148	-0.014	220.569	219.257	24.581	23.525	74777.457	78.998
99889.464	33.663	169.640	770.062	351.960	-0.015	220.810	219.422	24.705	23.525	74772.695	77.572
99889.665	33.643	170.116	771.585	351.325	-0.017	220.994	219.642	24.598	23.525	75035.563	79.141
99889.864	33.753	170.389	772.031	351.840	-0.014	221.272	219.960	24.608	23.411	75041.029	78.877
99890.064	33.736	170.650	772.927	351.858	-0.014	221.488	220.144	24.611	23.412	75037.285	77.912
99890.265	33.678	171.019	773.291	352.407	-0.014	221.495	220.276	24.656	23.426	75249.239	77.890
99890.464	33.660	171.302	774.439	352.391	-0.014	221.858	220.519	24.643	23.487	75250.840	78.060
99890.665	33.618	171.687	775.067	352.673	-0.014	221.974	220.663	24.631	23.486	75377.427	77.995
99890.865	33.736	172.057	776.074	352.325	-0.014	222.093	220.780	24.769	23.532	75439.379	79.009
99891.065	33.624	172.453	776.780	353.305	-0.014	222.211	221.033	24.681	23.600	75439.354	79.771
99891.265	33.585	172.764	778.499	353.858	-0.014	222.463	221.069	24.586	23.600	75593.440	79.250
99891.466	33.704	173.074	779.160	353.221	-0.014	222.232	220.890	24.533	23.576	75599.076	79.645
99891.666	33.644	173.376	780.093	353.950	-0.014	222.477	221.163	24.617	23.562	75625.572	78.828
99891.865	33.669	173.562	780.750	354.010	-0.014	222.728	221.325	24.637	23.562	75726.609	78.943
99892.066	33.612	174.101	782.114	354.370	-0.014	222.763	221.523	24.652	23.562	75728.978	80.106
99892.266	33.584	174.284	782.469	354.641	-0.014	223.090	221.796	24.659	23.562	75835.400	79.206
99892.612	33.733	174.920	784.971	355.094	-0.014	223.220	221.884	24.675	23.439	75846.889	79.980
99892.813	33.779	175.167	786.146	354.682	-0.014	223.111	221.811	24.629	23.411	75950.966	79.727
99893.012	33.787	175.341	786.650	354.961	-0.016	223.174	221.867	24.634	23.412	75945.856	79.590
99893.213	33.701	175.813	788.498	355.209	-0.015	223.326	222.031	24.620	23.599	75951.629	80.473
99893.412	33.665	176.104	789.084	355.547	-0.014	223.398	222.036	24.570	23.600	76028.401	80.550
99893.612	33.630	176.333	789.782	355.157	-0.014	223.460	222.131	24.651	23.600	76021.642	79.470
99893.812	33.742	176.599	790.832	355.499	-0.014	223.761	222.415	24.604	23.601	76083.067	80.303
99894.013	33.642	176.922	791.810	355.693	-0.014	223.922	222.596	24.570	23.600	76092.309	79.870
99894.212	33.737	177.213	792.773	355.948	-0.014	224.138	222.774	24.646	23.601	76098.017	81.148
99894.413	33.646	177.442	793.258	356.367	-0.014	224.414	223.089	24.614	23.486	76160.753	80.029
99894.613	33.670	177.775	794.525	356.747	-0.014	224.362	223.047	24.568	23.487	76164.303	81.049
99894.813	33.789	178.012	795.217	356.988	-0.014	224.426	223.122	24.638	23.542	76191.923	81.126
99895.014	33.753	178.331	795.968	357.047	-0.014	224.548	223.265	24.680	23.752	76239.441	81.411
99895.215	33.782	178.473	796.400	357.370	-0.014	224.615	223.356	24.582	23.752	76233.644	80.100
99895.416	33.852	178.763	797.382	357.351	-0.014	224.758	223.472	24.587	23.726	76298.013	79.914
99895.616	33.844	178.926	797.710	357.828	-0.014	224.790	223.557	24.575	23.714	76300.940	80.281
99895.816	33.867	179.376	798.576	357.924	-0.014	224.918	223.574	24.574	23.715	76304.376	81.663
99896.016	33.825	179.665	799.118	358.417	-0.014	224.956	223.630	24.548	23.752	76364.104	81.861
99896.215	33.704	179.942	799.786	358.019	-0.014	225.114	223.836	24.698	23.751	76359.528	80.523
99896.415	33.802	180.136	800.149	358.076	-0.014	225.097	223.813	24.590	23.752	76396.648	81.745
99896.616	33.850	180.253	801.354	358.640	-0.014	225.190	223.860	24.557	23.639	76415.245	80.671
99896.817	33.865	180.605	801.552	359.198	-0.015	225.416	223.968	24.606	23.639	76416.692	80.945
99897.017	33.753	180.918	802.894	358.918	-0.019	225.383	223.995	24.522	23.642	76459.149	80.731
99897.218	33.880	181.051	803.208	358.964	-0.014	225.064	223.695	24.429	23.676	76464.526	79.749
99897.418	33.818	181.366	804.601	359.582	-0.020	225.005	223.615	24.381	23.676	76467.922	79.157
99897.618	33.942	181.549	804.364	359.190	-0.014	225.000	223.583	24.478	23.725	76501.768	79.689
99897.819	33.817	181.766	804.629	359.200	-0.014	224.942	223.628	24.515	23.789	76496.367	79.234
99898.019	33.934	181.888	804.200	359.706	-0.016	224.897	223.536	24.464	23.790	76524.569	79.464
99898.219	33.807	182.171	804.524	360.176	-0.014	224.696	223.434	24.467	23.755	76517.769	78.576
99898.419	33.931	182.289	803.775	360.191	-0.015	224.861	223.422	24.477	23.752	76520.713	78.318
99898.620	33.861	182.572	803.079	360.164	-0.015	224.962	223.684	24.558	23.751	76533.649	78.620
99898.819	33.947	182.870	804.054	359.960	-0.023	224.919	223.517	24.539	23.790	76540.975	80.128
99899.021	33.968	182.953	803.372	360.648	-0.015	225.129	223.816	24.611	23.790	76547.055	79.075
99899.220	33.845	183.280	803.577	360.736	-0.014	225.034	223.816	24.640	23.789	76549.513	78.620
99899.420	33.876	183.617	804.400	361.030	-0.020	224.986	223.608	24.521	23.751	76553.144	80.111
99899.621	33.907	183.810	804.193	360.870	-0.014	224.999	223.632	24.650	23.752	76571.118	79.996
99899.820	33.966	183.781	803.496	361.098	-0.016	224.983	223.578	24.576	23.740	76566.331	78.433
99900.021	33.892	183.938	803.473	361.511	-0.017	225.027	223.730	24.663	23.714	76565.684	78.422
99900.220	33.966	184.169	803.452	361.599	-0.016	225.114	223.765	24.661	23.715	76576.317	79.755
99900.420	33.834	184.476	803.786	360.917	-0.018	224.820	223.549	24.561	23.684	76571.692	79.141
99900.621	33.977	184.624	803.698	361.470	-0.014	225.081	223.691	24.606	23.677	76583.707	79.300
99900.820	33.835	184.834	803.928	361.377	-0.014	225.052	223.726	24.522	23.676	76578.920	79.535
99901.021	33.912	185.123	805.292	361.359	-0.014	224.994	223.695	24.534	23.789	76581.605	80.325
99901.221	33.934	185.322	804.966	361.660	-0.014	225.075	223.751	24.547	23.789	76591.590	80.073
99901.422	33.890	185.331	805.023	361.587	-0.014	225.099	223.645	24.515	23.790	76585.947	79.404
99901.622	33.896	185.509	805.873	361.963	-0.014	225.153	223.833	24.516	23.714	76588.316	79.146
99901.822	33.916	185.731	805.864	362.166	-0.015	224.969	223.642	24.467	23.714	76593.612	78.976
99902.021	34.043	186.027	806.213	362.073	-0.014	225.000	223.678	24.503	23.722	76601.398	79.886
99902.222	33.922	186.059	806.904	362.079	-0.014	225.261	223.848	24.557	23.751	76599.854	78.998
99902.423	33.924	186.275	806.896	362.481	-0.014	225.171	223.829	24.480	23.751	76601.139	79.387
99902.624	33.951	186.551	806.497	362.677	-0.014	225.166	223.889	24.537	23.751	76604.236	80.819
99902.824	34.061	186.633	806.459	362.414	-0.017	225.219	223.762	24.522	23.752	76614.505	79.837
99903.024	33.927	186.768	807.035	362.908	-0.014	225.139	223.782	24.471	23.751	76608.853	79.552
99903.225	34.003	186.870	806.948	362.989	-0.014	225.342	224.025	24.629	23.676	76609.605	78.521
99903.425	34.130	187.110	807.230	362.171	-0.014	225.142	223.849	24.553	23.677	76617.116	80.287
99903.624	34.095	187.199	807.537	362.966	-0.014	225.412	223.959	24.461	23.677	76617.262	79.936
99903.825	33.982	187.490	808.246	362.691	-0.014	226.046	224.380	24.734	23.676	76618.305	80.758
99904.025	34.019	187.536	807.836	363.080	-0.014	226.383	224.780	24.968	23.676	76616.486	79.546
99904.225	34.058	187.819	806.623	363.015	-0.014	226.364	224.733	24.911	23.676	76626.641	81.285
99904.425	34.128	187.975	805.654	362.224	-0.014	226.281	224.643	25.104	23.639	76650.388	79.963
99904.624	34.149	188.085	803.983	362.444	-0.014	226.404	224.751	25.176	23.639	76646.184	79.535
99904.824	34.067	188.245	802.493	362.580	-0.016	226.552	224.945	25.327	23.631	76670.764	79.031
99905.025	34.102	188.469	800.233	361.931	-0.014	226.641	224.996	25.447	23.601	76677.855	81.433
99905.226	34.111	188.512	798.348	361.589	-0.014	226.768	225.206	25.534	23.602	76677.677	80.281
99905.426	34.051	188.652	797.267	361.640	-0.014	226.768	225.239	25.611	23.580	76704.828	80.413
99905.625	34.110	188.811	795.463	360.769	-0.014	226.836	225.218	25.608	23.526	76708.410	79.738
99905.826	34.132	189.026	793.782	360.436	-0.014	226.827	225.205	25.580	23.525	76736.111	81.076
99906.026	34.124	189.100	792.356	360.591	-0.014	227.195	225.474	25.715	23.670	76748.854	79.459
99906.226	34.106	189.106	790.406	360.660	-0.027	227.166	225.456	25.808	23.715	76752.468	80.215
99906.427	34.017	189.476	789.506	359.414	-0.014	227.140	225.466	26.020	23.714	76787.713	80.265
99906.627	34.106	189.589	787.782	359.553	-0.014	227.369	225.662	25.932	23.652	76794.270	81.252
99906.827	34.130	189.756	786.386	359.501	-0.014	227.382	225.587	25.956	23.639	76800.464	81.049
99907.027	34.150	189.895	785.028	358.838	-0.014	227.308	225.666	26.047	23.638	76824.704	80.802
99907.228	34.056	190.016	782.929	359.024	-0.014	227.330	225.652	26.193	23.638	76820.411	79.492
99907.427	34.164	190.020	781.838	358.918	-0.023	227.364	225.598	26.155	23.639	76852.405	79.722
99907.628	34.161	190.249	780.487	358.324	-0.016	227.098	225.431	26.021	23.639	76858.485	80.347
99907.828	34.048	190.393	779.869	358.148	-0.014	227.045	225.272	25.963	23.600	76850.618	79.311
99908.028	34.182	190.426	778.586	357.988	-0.025	226.863	225.118	26.081	23.601	76874.632	79.788
99908.229	34.074	190.728	777.063	357.552	-0.018	226.527	224.782	25.883	23.600	76872.732	80.013
99908.428	34.212	190.695	776.359	357.083	-0.014	226.432	224.753	26.169	23.563	76877.114	79.777
99908.628	34.082	190.857	774.580	356.779	-0.014	226.259	224.516	26.072	23.562	76870.751	78.510
99908.828	34.128	191.026	773.810	356.578	-0.014	226.150	224.467	26.248	23.553	76871.527	80.040
99909.028	34.151	191.206	772.495	357.202	-0.018	225.619	223.972	26.229	23.525	76855.623	79.826
99909.228	34.133	191.261	771.422	356.506	-0.017	225.330	223.688	26.137	23.525	76853.723	79.881
99909.429	34.087	191.417	769.895	355.843	-0.020	225.114	223.420	26.058	23.525	76853.197	79.267
99909.629	34.075	191.454	769.495	356.198	-0.038	224.744	223.140	25.909	23.525	76810.910	79.036
99909.829	34.234	191.444	768.441	355.599	-0.016	224.706	222.875	25.965	23.526	76817.621	78.143
99910.028	34.119	191.618	767.445	355.170	-0.031	224.177	222.546	25.986	23.487	76773.385	78.203
99910.229	34.099	191.692	766.813	355.839	-0.022	224.034	222.449	26.070	23.487	76760.133	77.616
99910.429	34.136	191.728	764.977	355.338	-0.045	223.306	221.671	25.876	23.487	76760.149	78.066
99910.629	34.224	191.868	764.525	355.308	-0.014	221.900	220.224	25.667	23.298	76689.716	77.803
99910.829	34.245	191.874	763.068	354.581	-0.014	219.668	217.908	25.185	23.298	76687.218	76.815
99911.029	34.123	191.995	761.793	354.679	-0.014	215.367	213.749	24.672	23.298	76642.658	74.485
99911.229	34.125	192.240	759.377	354.262	-0.014	209.935	208.263	24.068	22.768	76523.478	73.991
99911.430	34.128	192.037	756.203	353.487	-0.014	203.669	201.897	23.383	22.769	76524.901	71.973
99911.630	34.097	192.170	752.824	353.309	-0.018	197.072	195.216	22.714	22.074	76031.926	71.408
99911.831	34.163	192.152	748.893	352.695	-0.040	191.060	189.385	22.114	19.436	76025.143	70.893
99912.030	34.078	191.893	744.159	352.260	-0.014	185.259	183.645	21.389	19.436	76020.817	68.694
99912.230	34.239	191.596	738.194	350.814	-0.027	179.851	178.462	20.832	17.734	75032.604	66.314
99912.430	34.237	191.544	732.348	350.597	-0.026	174.578	173.279	20.298	17.316	75031.876	64.389
99912.631	34.297	190.584	726.375	349.574	-0.028	169.931	168.623	19.690	17.316	74290.587	62.388
99912.830	34.180	190.871	719.674	349.565	-0.027	165.615	164.366	19.134	16.407	73686.752	60.238
99913.030	34.294	190.634	713.707	349.115	-0.026	161.319	160.055	18.617	16.405	73686.348	59.728
99913.231	34.429	190.344	707.322	348.819	-0.029	157.026	155.770	18.146	16.386	72140.711	57.737
99913.431	34.326	189.966	701.296	348.223	-0.034	152.728	151.576	17.606	14.779	72135.657	56.597
99913.631	34.354	189.481	695.164	347.604	-0.034	149.242	148.099	17.178	14.779	71967.171	55.615
99913.830	34.447	188.975	689.153	347.034	-0.014	145.472	144.448	16.840	14.522	70445.362	54.683
99914.030	34.521	188.447	682.921	346.948	-0.029	142.257	141.323	16.471	14.326	70444.351	53.460
99914.231	34.504	188.042	676.316	346.223	-0.025	139.253	138.509	16.154	14.325	68928.242	53.455
99914.430	34.541	187.453	670.926	345.831	-0.031	136.347	135.680	15.716	13.912	68666.069	50.768
99914.632	34.586	186.846	666.111	346.064	-0.017	133.690	133.024	15.389	13.909	68666.635	49.934
99914.833	34.457	186.454	660.164	345.819	-0.021	131.150	130.594	15.177	13.908	66889.938	49.068
99915.033	34.539	186.254	656.148	345.689	-0.022	128.819	128.258	14.816	14.400	66890.003	49.144
99915.233	34.740	185.406	651.859	344.816	-0.022	126.383	125.870	14.429	14.400	66183.174	47.795
99915.433	34.704	184.996	648.398	345.018	-0.027	124.280	123.719	14.105	14.308	65174.837	47.883
99915.632	34.652	184.369	644.609	345.168	-0.031	122.226	121.718	13.750	14.173	65174.384	47.220
99915.833	34.777	183.654	641.635	345.197	-0.028	120.311	119.791	13.484	14.173	63546.638	45.278
99916.033	34.838	183.194	639.000	344.326	-0.027	118.373	117.847	13.251	13.443	63541.286	45.772
99916.233	34.760	182.595	636.432	344.891	-0.021	116.381	115.843	12.938	13.418	63535.060	44.905
99916.434	34.899	182.018	633.871	344.482	-0.014	114.262	113.698	12.623	13.419	61983.925	44.368
99916.634	34.818	181.200	631.641	344.389	-0.016	112.348	111.919	12.337	13.229	61978.046	42.734
99916.835	34.882	180.675	629.630	344.403	-0.010	110.599	110.218	12.072	13.229	60892.532	42.153
99917.036	35.029	179.979	626.911	344.070	-0.011	108.782	108.378	11.801	13.195	60493.568	41.330
99917.237	34.997	179.260	623.431	344.380	-0.005	106.770	106.482	11.629	13.078	60492.113	40.085
99917.437	34.981	178.820	622.114	344.659	-0.013	105.013	104.750	11.357	13.077	59056.698	41.105
99917.637	34.987	178.107	618.836	344.175	-0.016	103.343	103.115	11.131	12.854	59053.035	40.118
99917.837	35.138	177.499	615.873	343.705	-0.015	101.601	101.406	10.940	12.813	58660.475	40.156
99918.037	35.066	176.845	613.468	343.852	-0.020	100.277	100.093	10.786	12.813	57642.863	38.676
99918.237	35.145	176.120	610.826	343.445	-0.023	98.951	98.712	10.542	13.115	57640.502	37.442
99918.437	35.271	175.462	608.373	343.718	-0.016	97.692	97.527	10.482	13.115	56297.448	37.228
99918.638	35.315	174.817	605.668	343.081	-0.008	96.376	96.185	10.280	13.069	56271.485	37.376
99918.839	35.298	174.368	603.720	343.208	-0.011	95.176	94.953	10.053	12.434	56272.423	37.656
99919.039	35.268	173.722	601.746	342.920	-0.016	93.740	93.577	9.942	12.434	54949.494	37.234
99919.239	35.366	172.917	599.782	342.879	-0.018	92.544	92.359	9.729	12.335	54945.039	35.567
99919.439	35.349	172.371	597.767	343.012	-0.014	91.337	91.251	9.587	12.283	54267.084	34.947
99919.638	35.390	171.671	595.881	342.635	-0.016	90.248	90.112	9.499	12.283	53664.753	34.371
99919.839	35.408	171.113	594.393	342.845	-0.010	89.096	89.059	9.345	12.131	53666.111	34.547
99920.040	35.464	170.477	592.588	343.051	-0.022	87.909	87.980	9.149	12.131	52423.301	33.570
99920.240	35.502	169.808	591.230	342.324	-0.017	87.237	87.264	9.102	12.131	52419.784	33.494
99920.439	35.577	169.325	590.679	342.005	-0.020	86.580	86.608	9.140	11.979	52389.286	34.026
99920.640	35.647	168.637	589.415	342.133	-0.020	85.763	85.800	8.972	11.979	51241.828	33.472
99920.840	35.694	167.907	588.584	342.334	-0.015	84.951	85.074	8.892	11.808	51237.503	32.424
99921.039	35.668	167.297	588.708	342.096	-0.028	84.256	84.422	8.794	11.639	50404.039	31.563
99921.240	35.806	166.735	587.462	342.610	-0.038	83.589	83.751	8.737	11.640	50158.805	32.156
99921.440	35.795	166.288	587.254	342.021	-0.038	82.830	82.982	8.631	11.190	50157.050	32.435
99921.640	35.864	165.544	586.611	342.282	-0.027	82.334	82.546	8.533	11.185	49156.879	31.854
99921.839	35.896	165.042	586.215	342.475	-0.039	81.896	82.122	8.562	11.184	49158.973	31.498
99922.040	35.785	164.492	586.809	342.636	-0.026	81.649	81.889	8.565	11.335	48904.926	31.366
99922.240	35.883	163.801	586.847	343.001	-0.022	81.219	81.497	8.482	11.336	48245.301	30.330
99922.439	35.987	163.273	586.982	342.609	-0.032	80.932	81.154	8.469	11.381	48251.826	31.382
99922.639	35.980	162.747	587.312	342.687	-0.025	80.766	80.958	8.481	11.487	47476.917	31.514
99922.841	35.988	161.995	587.930	342.686	-0.030	80.359	80.671	8.444	11.488	47455.944	29.770
99923.040	35.994	161.675	588.691	342.620	-0.019	80.142	80.454	8.410	11.793	47459.380	31.136
99923.240	36.133	160.943	588.458	342.640	-0.026	79.848	80.172	8.367	11.829	46790.974	30.094
99923.441	36.052	160.300	587.719	341.788	-0.036	79.596	79.923	8.366	11.831	46522.357	29.321
99923.640	36.214	159.911	589.330	342.562	-0.026	74.142	74.091	7.582	12.169	46448.366	30.050
99923.840	36.078	159.444	588.041	343.856	-0.032	68.054	68.120	6.969	12.169	46201.070	28.065
99924.041	36.209	158.668	583.697	342.960	-0.031	64.555	64.702	6.481	12.168	46202.987	25.943
99924.240	36.146	158.271	577.869	342.620	-0.024	61.535	61.729	6.105	3.692	45066.946	24.292
99924.440	36.202	157.685	570.750	342.218	-0.025	58.859	59.181	5.730	3.688	45066.081	23.420
99924.640	36.248	157.145	563.096	340.771	-0.035	56.729	57.092	5.439	3.687	44870.258	22.707
99924.840	36.240	156.610	555.760	340.371	-0.026	54.747	55.159	5.197	0.452	43071.520	21.599
99925.040	36.317	156.028	547.673	339.178	-0.023	53.003	53.458	4.983	-0.208	43071.334	21.111
99925.241	36.233	155.652	540.395	339.024	-0.023	51.414	51.940	4.760	-0.209	41077.735	21.254
99925.441	36.306	155.019	533.193	337.644	-0.014	50.046	50.601	4.572	-0.209	40631.107	20.327
99925.640	36.376	154.585	525.837	337.228	-0.014	48.868	49.423	4.432	-0.210	40635.901	20.777
99925.840	36.424	153.926	518.435	336.498	-0.010	47.738	48.339	4.293	-0.209	38022.782	19.642
99926.041	36.519	153.332	511.691	335.771	-0.006	46.691	47.356	4.170	-0.210	38021.755	18.830
99926.241	36.617	152.939	505.117	335.136	-0.006	45.812	46.474	4.072	-0.209	37093.213	19.444
99926.441	36.669	152.320	498.385	334.122	-0.005	45.021	45.718	3.988	-0.210	35409.169	18.753
99926.640	36.719	151.829	492.651	333.291	-0.007	44.296	45.019	3.883	-0.209	35407.333	18.117
99926.840	36.659	151.435	486.749	332.325	-0.004	43.625	44.389	3.833	-0.210	32926.792	18.715
99927.040	36.696	150.901	481.704	331.793	0.001	43.054	43.838	3.755	-0.210	32889.186	18.194
99927.240	36.845	150.392	475.281	330.583	0.004	42.515	43.306	3.699	-0.210	32891.717	18.172
99927.440	36.961	149.940	469.736	329.663	0.005	41.999	42.811	3.659	-0.209	30528.496	17.503
99927.641	36.911	149.443	464.696	329.446	0.005	41.546	42.392	3.588	-0.210	30525.407	17.481
99927.840	37.025	148.993	459.746	328.144	-0.000	41.095	41.946	3.553	-0.210	29200.190	17.580
99928.041	37.174	148.476	455.164	327.328	0.003	40.688	41.573	3.516	-0.210	28329.873	17.273
99928.241	37.185	147.974	449.867	326.516	0.003	40.320	41.230	3.487	-0.210	28324.779	16.236
99928.441	37.271	147.475	445.073	325.672	0.004	39.975	40.910	3.445	-0.210	26319.634	16.006
99928.640	37.249	147.068	440.707	324.850	0.005	39.658	40.576	3.428	-0.210	26314.993	15.787
99928.841	37.287	146.756	436.407	324.031	0.005	39.369	40.294	3.389	-0.210	26119.897	16.335
99929.041	37.370	146.223	432.124	323.489	0.005	39.074	40.010	3.370	-0.211	24484.802	15.458
99929.242	37.465	145.966	427.668	322.449	0.006	38.819	39.755	3.345	-0.210	24487.818	16.949
99929.442	37.574	145.499	423.821	321.768	0.006	38.571	39.529	3.327	-0.210	23118.511	16.121
99929.643	37.533	145.113	420.214	321.554	0.008	38.350	39.322	3.317	-0.210	22829.105	16.258
99929.843	37.772	144.578	415.712	320.346	0.006	38.130	39.103	3.283	-0.210	22831.256	15.266
99930.044	37.822	144.328	411.960	319.881	0.007	37.950	38.908	3.285	-0.210	21335.305	16.022
99930.244	37.850	143.803	408.938	318.603	0.007	37.744	38.743	3.283	-0.210	21329.880	15.030
99930.444	37.966	143.428	404.341	318.052	0.008	37.578	38.568	3.262	-0.210	20863.911	15.030
99930.644	38.052	143.075	401.238	317.314	0.008	37.407	38.407	3.238	-0.210	19982.759	14.794
99930.844	38.055	142.921	398.072	316.626	0.008	37.264	38.260	3.230	-0.210	19984.950	15.518
99931.045	38.232	142.374	394.148	316.097	0.008	37.108	38.125	3.215	-0.210	18778.081	15.408
99931.244	38.209	141.971	390.984	315.262	0.006	36.973	37.989	3.200	-0.210	18757.252	14.268
99931.444	38.318	141.779	387.876	314.084	0.007	36.841	37.850	3.183	-0.210	18762.678	15.545
99931.644	38.336	141.353	384.711	313.724	0.008	36.715	37.748	3.191	-0.210	17654.371	14.476
99931.844	38.465	141.132	381.396	313.086	0.009	36.597	37.619	3.173	-0.210	17658.955	16.006
99932.045	38.589	140.585	378.391	312.858	0.008	36.471	37.505	3.176	-0.210	17074.760	14.525
99932.245	38.527	140.419	375.859	312.156	0.008	36.373	37.414	3.163	-0.210	16661.048	14.865
99932.445	38.732	140.125	372.476	311.172	0.008	36.283	37.315	3.153	-0.210	16663.765	15.611
99932.645	38.658	139.757	370.375	310.692	0.008	36.169	37.223	3.148	-0.210	15753.610	14.695
99932.846	38.881	139.358	367.128	309.681	0.008	36.068	37.135	3.133	-0.210	15756.311	14.405
99933.047	38.830	139.138	364.797	309.345	0.008	35.996	37.044	3.134	-0.210	15678.382	15.030
99933.247	38.924	138.688	361.915	308.390	0.006	35.905	36.975	3.129	-0.210	14930.124	13.895
99933.447	39.092	138.449	359.451	307.930	0.007	35.825	36.890	3.125	-0.210	14934.514	14.498
99933.647	39.171	138.216	356.210	307.531	0.008	35.745	36.827	3.107	-0.210	14329.944	15.134
99933.846	39.118	137.953	354.595	307.354	0.008	35.688	36.751	3.110	-0.210	14184.348	14.860
99934.046	39.301	137.676	352.270	305.850	0.006	35.609	36.686	3.114	-0.210	14189.603	14.778
99934.246	39.290	137.220	349.503	305.997	0.006	35.539	36.616	3.095	-0.210	13497.337	13.610
99934.447	39.313	137.103	347.349	305.204	0.007	35.491	36.562	3.094	-0.210	13498.994	14.800
99934.646	39.358	136.809	345.269	304.265	0.007	35.426	36.504	3.094	-0.210	13312.858	14.728
99934.847	39.406	136.488	342.709	304.055	0.008	35.373	36.466	3.085	-0.210	12874.808	14.251
99935.047	39.651	136.142	340.258	303.162	0.008	35.307	36.401	3.082	-0.209	12877.970	13.939
99935.248	39.537	135.919	337.550	302.393	0.008	35.259	36.360	3.081	-0.210	12311.231	13.483
99935.447	39.643	135.736	336.203	301.731	0.008	35.227	36.306	3.081	-0.210	12298.213	14.410
99935.647	39.789	135.393	333.528	301.227	0.009	35.165	36.248	3.063	-0.210	12300.865	14.717
99935.847	39.749	135.197	332.330	301.206	0.008	35.126	36.218	3.078	-0.210	11770.504	13.889
99936.048	39.918	134.849	329.764	300.339	0.007	35.068	36.172	3.065	-0.210	11774.377	14.152
99936.248	39.849	134.591	327.864	299.761	0.007	35.031	36.132	3.072	-0.210	11517.128	13.555
99936.448	39.990	134.403	325.733	299.026	0.007	34.997	36.080	3.053	-0.210	11286.723	14.481
99936.648	39.942	134.187	324.183	298.605	0.008	34.953	36.045	3.058	-0.210	11283.569	14.032
99936.847	40.031	133.805	322.046	298.590	0.008	34.918	36.018	3.061	-0.210	10836.125	13.407
99937.047	40.062	133.700	320.787	297.715	0.009	34.882	35.976	3.055	-0.210	10836.957	14.032
99937.248	40.279	133.348	318.529	297.425	0.008	34.838	35.939	3.057	-0.210	10829.785	13.500
99937.448	40.217	133.100	316.517	296.935	0.007	34.806	35.910	3.044	-0.211	10413.114	13.231
99937.648	40.261	132.908	314.995	296.184	0.008	34.792	35.881	3.047	-0.210	10412.451	13.615
99937.849	40.450	132.725	312.976	295.857	0.008	34.738	35.840	3.046	-0.210	10123.022	14.372
99938.049	40.467	132.524	311.097	295.765	0.006	34.702	35.819	3.044	-0.210	10030.887	14.065
99938.331	40.527	132.104	309.215	295.002	0.008	34.678	35.770	3.038	-0.210	9866.533	13.028
99938.530	40.577	131.837	307.037	293.795	0.009	34.647	35.753	3.041	-0.210	9663.198	12.913
99938.875	40.744	131.641	304.791	293.019	0.009	34.610	35.710	3.033	-0.210	9473.649	14.333
99939.076	40.845	131.221	302.872	293.116	0.009	34.583	35.682	3.037	-0.210	9326.226	13.209
99939.275	40.844	131.223	301.350	292.218	0.009	34.555	35.668	3.029	-0.210	9325.393	14.460
99939.476	40.825	130.913	299.913	292.242	0.009	34.540	35.649	3.031	-0.210	9004.826	13.670
99939.676	40.993	130.734	298.346	290.832	0.009	34.498	35.623	3.030	-0.210	9008.764	14.712
99939.876	41.088	130.462	296.480	290.920	0.009	34.489	35.594	3.020	-0.209	9008.481	13.801
99940.076	41.092	130.385	295.481	289.808	0.009	34.467	35.576	3.026	-0.210	8705.250	13.955
99940.275	41.103	130.088	294.532	289.951	0.009	34.461	35.561	3.021	-0.211	8698.967	13.143
99940.475	41.143	129.918	293.054	288.659	0.009	34.427	35.533	3.017	-0.210	8566.365	13.971
99940.675	41.219	129.630	291.381	288.602	0.009	34.403	35.518	3.021	-0.210	8421.982	13.034
99940.876	41.312	129.359	289.581	288.484	0.009	34.384	35.503	3.019	-0.210	8422.863	12.814
99941.076	41.369	129.130	288.435	287.968	0.009	34.367	35.480	3.016	-0.210	8155.491	12.666
99941.276	41.521	129.043	287.389	287.359	0.009	34.342	35.460	3.015	-0.210	8157.884	13.917
99941.476	41.558	128.824	287.229	287.758	0.330	23.537	24.001	0.195	-0.209	8169.107	4.545
99941.677	41.602	128.651	285.120	288.076	0.001	-0.177	-0.036	0.003	-0.205	8179.642	2.631
99941.877	41.639	128.493	283.944	287.537	0.001	-0.225	-0.094	0.003	4.561	5631.086	2.532
99942.078	41.718	128.403	282.677	286.201	0.002	-0.254	-0.111	0.003	-0.496	4901.779	3.805
99942.278	41.667	128.246	281.593	285.865	0.002	-0.236	-0.079	0.003	-0.449	-399.704	3.569
99942.478	41.780	127.899	280.280	285.477	0.001	-0.238	-0.036	0.003	-0.415	-777.726	2.286
99942.678	41.918	127.719	278.959	284.889	0.001	-0.259	-0.023	0.003	-0.383	-1587.055	2.565
99942.878	41.945	127.640	277.859	284.414	0.002	-0.262	-0.028	0.002	-0.348	-1494.136	3.739
99943.079	42.036	127.384	276.666	284.029	0.001	-0.263	0.006	0.003	-0.305	-1407.718	3.097
99943.280	42.007	127.166	275.546	283.761	0.001	-0.242	0.022	0.003	-0.247	-1329.304	2.313
99943.480	41.988	127.120	274.552	283.341	0.002	-0.237	0.005	0.003	-0.171	-1239.757	3.684
99943.679	42.173	126.860	273.208	282.744	0.002	-0.265	-0.001	0.003	-0.122	-1123.059	3.240
99943.879	42.166	126.786	272.246	282.388	0.002	-0.262	-0.001	0.002	-0.091	-1000.975	3.876
99944.080	42.188	126.457	271.066	282.142	0.001	-0.243	0.036	0.003	-0.068	-821.647	2.236
99944.281	42.168	126.381	270.090	281.729	0.002	-0.238	0.025	0.003	-0.053	-581.030	3.064
99944.482	42.268	126.108	268.972	281.361	0.001	-0.243	0.045	0.003	-0.040	-432.482	2.105
99944.681	42.426	125.937	267.775	280.868	0.001	-0.256	0.046	0.003	-0.030	-333.176	2.198
99944.882	42.374	125.835	266.870	280.577	0.001	-0.240	0.053	0.003	-0.024	-277.176	2.127
99945.081	42.539	125.611	265.698	280.041	0.001	-0.264	0.052	0.003	-0.017	-222.954	2.297
99945.281	42.461	125.558	264.884	279.838	0.002	-0.240	0.052	0.003	-0.015	-218.337	2.944
99945.482	42.648	125.384	263.771	279.226	0.002	-0.264	0.038	0.002	-0.011	-171.684	3.607
99945.682	42.685	125.122	262.712	278.983	0.001	-0.255	0.061	0.003	-0.007	-145.826	2.379
99945.883	42.682	125.102	261.905	278.500	0.002	-0.262	0.040	0.002	-0.007	-136.415	3.755
99946.083	42.797	124.829	260.822	278.082	0.001	-0.269	0.046	0.003	-0.004	-101.962	2.955
99946.283	42.715	124.788	260.040	277.821	0.002	-0.255	0.041	0.002	-0.005	-110.501	3.273
99946.483	42.737	124.518	259.074	277.602	0.001	-0.240	0.057	0.003	-0.003	-95.712	2.615
99946.684	42.917	124.421	258.078	277.009	0.002	-0.264	0.039	0.002	-0.004	-77.059	3.525
99946.885	42.914	124.300	257.240	276.699	0.002	-0.261	0.037	0.002	-0.005	-80.447	3.278
99947.085	43.052	124.008	256.167	276.296	0.001	-0.268	0.052	0.003	-0.004	-59.295	2.494
99947.286	42.978	123.939	255.472	276.148	0.001	-0.241	0.052	0.002	-0.004	-86.163	2.839
99947.486	43.131	123.778	254.445	275.587	0.002	-0.265	0.038	0.002	-0.006	-70.801	3.585
99947.686	43.220	123.532	253.556	275.233	0.001	-0.268	0.051	0.003	-0.005	-62.909	2.839
99947.885	43.254	123.362	252.705	274.960	0.001	-0.261	0.059	0.003	-0.003	-76.978	2.576
99948.085	43.328	123.280	251.916	274.543	0.001	-0.269	0.043	0.002	-0.005	-74.666	3.042
99948.286	43.332	123.031	251.084	274.386	0.001	-0.249	0.064	0.003	-0.004	-78.708	1.918
99948.486	43.460	122.993	250.327	273.877	0.001	-0.262	0.038	0.002	-0.006	-78.636	3.349
99948.688	43.447	122.914	249.622	273.637	0.002	-0.259	0.042	0.002	-0.007	-94.532	3.404
99948.888	43.603	122.605	248.610	273.297	0.001	-0.265	0.058	0.003	-0.004	-76.978	2.642
99949.088	43.493	122.606	248.022	273.030	0.001	-0.247	0.046	0.002	-0.006	-94.225	3.212
99949.287	43.704	122.355	247.079	272.563	0.001	-0.270	0.050	0.003	-0.005	-77.488	2.949
99949.488	43.730	122.287	246.371	272.255	0.001	-0.267	0.034	0.002	-0.006	-86.301	3.426
99949.687	43.700	122.130	245.745	272.178	0.001	-0.242	0.057	0.002	-0.004	-112.894	2.620
99949.887	43.737	122.038	245.002	271.688	0.002	-0.255	0.041	0.002	-0.007	-96.488	3.508
99950.088	43.784	121.877	244.271	271.384	0.002	-0.255	0.043	0.002	-0.007	-95.381	3.629
99950.288	43.816	121.605	243.448	271.166	0.001	-0.243	0.065	0.003	-0.004	-96.521	2.615
99950.487	43.959	121.550	242.669	270.679	0.002	-0.265	0.038	0.002	-0.006	-94.184	3.558
99950.688	44.019	121.372	241.911	270.329	0.001	-0.270	0.040	0.003	-0.006	-84.651	3.234
99950.888	44.077	121.170	241.172	270.039	0.001	-0.270	0.054	0.003	-0.005	-83.495	2.845
99951.088	44.041	121.002	240.606	269.923	0.001	-0.244	0.064	0.003	-0.004	-98.073	2.050
99951.290	44.041	120.881	239.905	269.607	0.001	-0.241	0.065	0.003	-0.004	-105.108	2.516
99951.489	44.197	120.712	239.071	269.148	0.001	-0.264	0.058	0.003	-0.005	-80.309	2.269
99951.690	44.252	120.593	238.416	268.772	0.001	-0.269	0.050	0.003	-0.005	-80.156	3.026
99951.890	44.316	120.489	237.742	268.459	0.001	-0.271	0.050	0.003	-0.006	-76.283	3.075
99952.091	44.240	120.364	237.225	268.412	0.001	-0.241	0.064	0.003	-0.005	-98.550	2.450
99952.292	44.406	120.341	236.515	267.885	0.001	-0.265	0.037	0.002	-0.006	-91.589	3.739
99952.493	44.354	120.169	235.986	267.831	0.001	-0.237	0.055	0.003	-0.005	-102.690	3.092
99952.692	44.408	120.096	235.377	267.410	0.002	-0.253	0.044	0.002	-0.007	-98.769	3.536
